index,answer,question,Prompt,Response,Answer,Correct,,
0,12,"Quadrilateral A has side lengths 6, 9, 9, and 12. Quadrilateral B is a scaled copy of Quadrilateral A, with its shortest side of length 2. What is the perimeter of Quadrilateral B?","Please write a python code that will output the answer to this question: Quadrilateral A has side lengths 6, 9, 9, and 12. Quadrilateral B is a scaled copy of Quadrilateral A, with its shortest side of length 2. What is the perimeter of Quadrilateral B? Only write python code. Store the output in variable Ans in your python code.","```python
side_lengths_A = [6, 9, 9, 12]
scaling_factor = 2 / min(side_lengths_A)
side_lengths_B = [side * scaling_factor for side in side_lengths_A]

perimeter_A = sum(side_lengths_A)
perimeter_B = sum(side_lengths_B)

Ans = perimeter_B
print(Ans)
```",12,1,,
1,30,A blueprint for a building includes a rectangular room that measures 3 inches long and 5.5 inches wide. The scale for the blueprint says that 1 inch on the blueprint is equivalent to 10 feet in the actual building. What are the dimensions of this rectangular room in the actual building? What is the length of the building. Do not include units (feet) in your answer.,Please write a python code that will output the answer to this question: A blueprint for a building includes a rectangular room that measures 3 inches long and 5.5 inches wide. The scale for the blueprint says that 1 inch on the blueprint is equivalent to 10 feet in the actual building. What are the dimensions of this rectangular room in the actual building? What is the length of the building. Do not include units (feet) in your answer. Only write python code. Store the output in variable Ans in your python code.,"length = 3
width = 5.5
scale = 10

actual_length = length * scale
actual_width = width * scale

Ans = actual_length, actual_width",30 55,1,,78
2,2400,"A local park is in the shape of a square. A map of the local park is made with the scale 1 inch to 200 feet. If the park is shown as a square on the map, each side of which is one foot long, how long is each side of the square park? Do not include units (feet) in your answer.","Please write a python code that will output the answer to this question: A local park is in the shape of a square. A map of the local park is made with the scale 1 inch to 200 feet. If the park is shown as a square on the map, each side of which is one foot long, how long is each side of the square park? Do not include units (feet) in your answer. Only write python code. Store the output in variable Ans in your python code.","scale = 200
map_side_length = 1
park_side_length = map_side_length * scale
Ans = park_side_length",200,0,,34
3,"21,600",A map of a rectangular park has a length of 4 inches and a width of 6 inches. It uses a scale of 1 inch for every 30 miles. What is the actual area of the park? Do not include units (square miles) in your answer.,Please write a python code that will output the answer to this question: A map of a rectangular park has a length of 4 inches and a width of 6 inches. It uses a scale of 1 inch for every 30 miles. What is the actual area of the park? Do not include units (square miles) in your answer. Only write python code. Store the output in variable Ans in your python code.,"length_in_miles = 4 * 30
width_in_miles = 6 * 30
area_in_square_miles = length_in_miles * width_in_miles
Ans = area_in_square_miles // 1",21600,1,,
4,0.8,A store sells rope by the meter. The equation p=0.8L represents the price p (in dollars) of a piece of nylon rope that is L meters long. How much does the nylon rope cost per meter? Do not include units ($) in your answer.,Please write a python code that will output the answer to this question: A store sells rope by the meter. The equation p=0.8L represents the price p (in dollars) of a piece of nylon rope that is L meters long. How much does the nylon rope cost per meter? Do not include units ($) in your answer. Only write python code. Store the output in variable Ans in your python code.,"L = 1
p = 0.8 * L
Ans = p",0.8,1,,
5,20,"To transmit information on the internet, large files are broken into packets of smaller sizes. Each packet has 1,500 bytes of information. An equation relating packets to bytes of information is given by b = 1,500p where p represents the number of packets and b represents the number of bytes of information. How many packets would be needed to transmit 30,000 bytes of information?","Please write a python code that will output the answer to this question: To transmit information on the internet, large files are broken into packets of smaller sizes. Each packet has 1,500 bytes of information. An equation relating packets to bytes of information is given by b = 1,500p where p represents the number of packets and b represents the number of bytes of information. How many packets would be needed to transmit 30,000 bytes of information? Only write python code. Store the output in variable Ans in your python code.","```python
b = 30000
p = b // 1500
Ans = p
print(Ans)
```",20,1,,
6,90,"Han wants to buy a $30 ticket to a game, but the pre-order tickets are sold out. He knows there will be more tickets sold the day of the game, with a markup of 200%. How much should Han expect to pay for the ticket if he buys it the day of the game? Do not include units ($) in your answer.","Please write a python code that will output the answer to this question: Han wants to buy a $30 ticket to a game, but the pre-order tickets are sold out. He knows there will be more tickets sold the day of the game, with a markup of 200%. How much should Han expect to pay for the ticket if he buys it the day of the game? Do not include units ($) in your answer. Only write python code. Store the output in variable Ans in your python code.","markup = 2.0
base_price = 30
price_increase = base_price * markup
Ans = price_increase",60,0,,112
7,8,Noah was assigned to make 64 cookies for the bake sale. He made 125% of that number. 90% of the cookies he made were sold. How many of Noah's cookies were left after the bake sale? Do not include units (cookies) in your answer.,Please write a python code that will output the answer to this question: Noah was assigned to make 64 cookies for the bake sale. He made 125% of that number. 90% of the cookies he made were sold. How many of Noah's cookies were left after the bake sale? Do not include units (cookies) in your answer. Only write python code. Store the output in variable Ans in your python code.,"total_cookies = 64
made_cookies = total_cookies * 1.25
sold_cookies = made_cookies * 0.9
cookies_left = made_cookies - sold_cookies
Ans = cookies_left",8,1,,
8,0.125,"In Canadian coins, 16 quarters is equal in value to 2 toonies. number of quarters number of toonies 1 A 16 2 20 B 24 C What is the value of A?","Please write a python code that will output the answer to this question: In Canadian coins, 16 quarters is equal in value to 2 toonies. number of quarters number of toonies 1 A 16 2 20 B 24 C What is the value of A? Only write python code. Store the output in variable Ans in your python code.","```python
A_quarters = 16
A_toonies = 2

value_A = A_quarters * 25 + A_toonies * 100
Ans = value_A
```",600,0,,
9,0.45,At the supermarket you can fill your own honey bear container. A customer buys 12 oz of honey for $5.40. How much does honey cost per ounce? Do not include units ($) in your answer.,Please write a python code that will output the answer to this question: At the supermarket you can fill your own honey bear container. A customer buys 12 oz of honey for $5.40. How much does honey cost per ounce? Do not include units ($) in your answer. Only write python code. Store the output in variable Ans in your python code.,"price = 5.40
ounces = 12
cost_per_ounce = price / ounces
Ans = cost_per_ounce
print(Ans)",0.45,1,,
10,1.82,Lin's bike travels 100 meters when her wheels rotate 55 times. What is the circumference of her wheels? Round your answer to the nearest hundredth place. Do not include units (meters) in your answer.,Please write a python code that will output the answer to this question: Lin's bike travels 100 meters when her wheels rotate 55 times. What is the circumference of her wheels? Round your answer to the nearest hundredth place. Do not include units (meters) in your answer. Only write python code. Store the output in variable Ans in your python code.,"circumference = 100 / (55 / 2 * 3.14159)
Ans = round(circumference, 2)",1.16,0,,
11,75,Priya drew a circle whose circumference is 25 cm. Clare drew a circle whose diameter is 3 times the diameter of Priya's circle. What is the circumference of Clare's circle? Use 3.14 for pi. Round to the nearest whole number. Do not include units (cm) in your answer.,Please write a python code that will output the answer to this question: Priya drew a circle whose circumference is 25 cm. Clare drew a circle whose diameter is 3 times the diameter of Priya's circle. What is the circumference of Clare's circle? Use 3.14 for pi. Round to the nearest whole number. Do not include units (cm) in your answer. Only write python code. Store the output in variable Ans in your python code.,"import math

Priya_circumference = 25
Priya_diameter = 2 * Priya_circumference / (2 * math.pi)

Clare_diameter = 3 * Priya_diameter
Clare_circumference = 2 * Clare_diameter * math.pi

Ans = round(Clare_circumference, 0)",150,0,,
12,316,The face of a clock has a circumference of 63 in. What is the area of the face of the clock? Round your answer to the nearest whole number. Do not include units (in2) in your answer.,Please write a python code that will output the answer to this question: The face of a clock has a circumference of 63 in. What is the area of the face of the clock? Round your answer to the nearest whole number. Do not include units (in2) in your answer. Only write python code. Store the output in variable Ans in your python code.,"import math

circumference = 63
radius = circumference / (2 * math.pi)
area = math.pi * radius ** 2

Ans = round(area, 0)",316,1,,
13,12.5,A cyclist rode 3.75 miles in 0.3 hours. How fast was she going in miles per hour? Do not include units (miles per hour) in your answer.,Please write a python code that will output the answer to this question: A cyclist rode 3.75 miles in 0.3 hours. How fast was she going in miles per hour? Do not include units (miles per hour) in your answer. Only write python code. Store the output in variable Ans in your python code.,"distance = 3.75
time = 0.3
speed = distance / time
Ans = speed",12.5,1,,
14,0.99,"Tyler orders a meal that costs $15. If the tax rate is 6.6%, how much will the sales tax be on Tyler's meal? Do not include units ($) in your answer.","Please write a python code that will output the answer to this question: Tyler orders a meal that costs $15. If the tax rate is 6.6%, how much will the sales tax be on Tyler's meal? Do not include units ($) in your answer. Only write python code. Store the output in variable Ans in your python code.","meal_cost = 15
tax_rate = 0.066
sales_tax = meal_cost * tax_rate
Ans = sales_tax",0.99,1,,
15,300,"A bakery used 25% more butter this month than last month. If the bakery used 240 kilograms of butter last month, how much did it use this month? Round your answer to the nearest whole number. Do not include units (kilograms) in your answer.","Please write a python code that will output the answer to this question: A bakery used 25% more butter this month than last month. If the bakery used 240 kilograms of butter last month, how much did it use this month? Round your answer to the nearest whole number. Do not include units (kilograms) in your answer. Only write python code. Store the output in variable Ans in your python code.","butter_last_month = 240
butter_increase = 0.25
butter_this_month = butter_last_month * (1 + butter_increase)
Ans = round(butter_this_month)",300,1,,
16,1.4,"Last week, the price of oranges at the farmer's market was $1.75 per pound. This week, the price has decreased by 20%. What is the price of oranges this week? Round your answer to the nearest hundredths (second) decimal place. Do not include units ($ per pound) in your answer.","Please write a python code that will output the answer to this question: Last week, the price of oranges at the farmer's market was $1.75 per pound. This week, the price has decreased by 20%. What is the price of oranges this week? Round your answer to the nearest hundredths (second) decimal place. Do not include units ($ per pound) in your answer. Only write python code. Store the output in variable Ans in your python code.","price_last_week = 1.75
price_decrease_percentage = 20
price_decrease_amount = (price_decrease_percentage / 100) * price_last_week
price_this_week = price_last_week - price_decrease_amount
Ans = round(price_this_week, 2)",1.4,1,,
17,138,"A pair of designer sneakers was purchased for $120. Since they were purchased, their price has increased by 15%. What is the new price? Do not include units ($) in your answer.","Please write a python code that will output the answer to this question: A pair of designer sneakers was purchased for $120. Since they were purchased, their price has increased by 15%. What is the new price? Do not include units ($) in your answer. Only write python code. Store the output in variable Ans in your python code.","sneaker_price = 120
price_increase = 0.15
new_price = sneaker_price * (1 + price_increase)
Ans = new_price",138,1,,
18,307.5,"Elena's aunt bought her a $150 savings bond when she was born. When Elena is 20 years old, the bond will have earned 105% in interest. How much will the bond be worth when Elena is 20 years old? Do not include units ($) in your answer.","Please write a python code that will output the answer to this question: Elena's aunt bought her a $150 savings bond when she was born. When Elena is 20 years old, the bond will have earned 105% in interest. How much will the bond be worth when Elena is 20 years old? Do not include units ($) in your answer. Only write python code. Store the output in variable Ans in your python code.","bond_value = 150
interest_earned = 105
future_value = bond_value * (1 + interest_earned / 100)
Ans = future_value",307.5,1,,
19,14.69,22% of 65 is 14.3. What is 22.6% of 65? Round your answer to the nearest hundredths (second) decimal place.,Please write a python code that will output the answer to this question: 22% of 65 is 14.3. What is 22.6% of 65? Round your answer to the nearest hundredths (second) decimal place. Only write python code. Store the output in variable Ans in your python code.,"def percent_of_total(percent, total):
    return (percent / 100) * total

percent = 22.6
total = 65

Ans = round(percent_of_total(percent, total), 2)

print(Ans)",14.69,1,,
20,728,"A bakery used 30% more sugar this month than last month. If the bakery used 560 kilograms of sugar last month, how much did it use this month? Do not include units (kilograms) in your answer.","Please write a python code that will output the answer to this question: A bakery used 30% more sugar this month than last month. If the bakery used 560 kilograms of sugar last month, how much did it use this month? Do not include units (kilograms) in your answer. Only write python code. Store the output in variable Ans in your python code.","sugar_last_month = 560
sugar_increase = 0.3
sugar_this_month = sugar_last_month * (1 + sugar_increase)
Ans = int(sugar_this_month)",728,1,,
21,0.95,Find each amount: 3.8% of 25,Please write a python code that will output the answer to this question: Find each amount: 3.8% of 25 Only write python code. Store the output in variable Ans in your python code.,"amount = 25 * (3.8 / 100)
Ans = amount",0.95,1,,
22,10.8,"On Monday, the high was 60 degrees Fahrenheit. On Tuesday, the high was 18% more. How much did the high increase from Monday to Tuesday? Do not include units (degrees Fahrenheit) in your answer.","Please write a python code that will output the answer to this question: On Monday, the high was 60 degrees Fahrenheit. On Tuesday, the high was 18% more. How much did the high increase from Monday to Tuesday? Do not include units (degrees Fahrenheit) in your answer. Only write python code. Store the output in variable Ans in your python code.","high_monday = 60
increase_percentage = 18
high_tuesday = high_monday * (1 + increase_percentage / 100)
increase = high_tuesday - high_monday
Ans = increase",10.8,1,,
23,9802.9,"A car dealership pays $8,350 for a car. They mark up the price by 17.4% to get the retail price. What is the retail price of the car at this dealership? Round your answer to the nearest hundredths place. Do not include units ($) in your answer.","Please write a python code that will output the answer to this question: A car dealership pays $8,350 for a car. They mark up the price by 17.4% to get the retail price. What is the retail price of the car at this dealership? Round your answer to the nearest hundredths place. Do not include units ($) in your answer. Only write python code. Store the output in variable Ans in your python code.","from math import ceil

markup = 17.4 / 100
price = 8350
retail_price = ceil(price * (1 + markup) * 100) / 100

Ans = retail_price",9802.9,1,,
24,7785,"A college student takes out a $7,500 loan from a bank. What will the balance of the loan be after one year (assuming the student has not made any payments yet): If the bank charges 3.8% interest each year? Do not include units ($) in your answer. Round your answer to the nearest hundredth place.","Please write a python code that will output the answer to this question: A college student takes out a $7,500 loan from a bank. What will the balance of the loan be after one year (assuming the student has not made any payments yet): If the bank charges 3.8% interest each year? Do not include units ($) in your answer. Round your answer to the nearest hundredth place. Only write python code. Store the output in variable Ans in your python code.","loan_amount = 7500
interest_rate = 0.038
interest = loan_amount * interest_rate
balance = loan_amount + interest
Ans = round(balance, 2)",7785,1,,
25,58.5,"A music store marks up the instruments it sells by 30%. If the store bought a guitar for $45, what will be its store price? Round your answer to the hundredth place. Do not include units ($) in your answer.","Please write a python code that will output the answer to this question: A music store marks up the instruments it sells by 30%. If the store bought a guitar for $45, what will be its store price? Round your answer to the hundredth place. Do not include units ($) in your answer. Only write python code. Store the output in variable Ans in your python code.","store_price = 45 * (1 + 0.30)
Ans = round(store_price, 2)",58.5,1,,
26,"7,458","A watermelon weighs 8,475 grams. A scale measured the weight with an error of 12% under the actual weight. What was the measured weight? Do not include units (grams) in your answer.","Please write a python code that will output the answer to this question: A watermelon weighs 8,475 grams. A scale measured the weight with an error of 12% under the actual weight. What was the measured weight? Do not include units (grams) in your answer. Only write python code. Store the output in variable Ans in your python code.","weight = 8475
error = 0.12
measured_weight = weight * (1 - error)
Ans = measured_weight",7458,1,,
27,331.5,"Noah's oven thermometer gives a reading that is 2% greater than the actual temperature. If the actual temperature is 325&ordm;F, what will the thermometer reading be? Round your answer to the tenths place. Do not include units (degrees) in your answer.","Please write a python code that will output the answer to this question: Noah's oven thermometer gives a reading that is 2% greater than the actual temperature. If the actual temperature is 325&ordm;F, what will the thermometer reading be? Round your answer to the tenths place. Do not include units (degrees) in your answer. Only write python code. Store the output in variable Ans in your python code.","def thermometer_reading(actual_temp):
    reading = actual_temp * 1.02
    rounded_reading = round(reading, 1)
    return rounded_reading

Ans = thermometer_reading(325)",331.5,1,,
28,40,"A student estimated that it would take 3 hours to write a book report, but it actually took her 5 hours. What is the percent error for her estimate? Do not include the percent sign (%) in your answer.","Please write a python code that will output the answer to this question: A student estimated that it would take 3 hours to write a book report, but it actually took her 5 hours. What is the percent error for her estimate? Do not include the percent sign (%) in your answer. Only write python code. Store the output in variable Ans in your python code.","actual_time = 5
estimated_time = 3
percent_error = ((actual_time - estimated_time) / actual_time) * 100
Ans = percent_error",40,1,,
29,0.19,"A radar gun measured the speed of a baseball at 103 miles per hour. If the baseball was actually going 102.8 miles per hour, what was the percent error in this measurement? Do not include the percent sign (%) in your answer. Round your answer to two decimal places after solving for the percent.","Please write a python code that will output the answer to this question: A radar gun measured the speed of a baseball at 103 miles per hour. If the baseball was actually going 102.8 miles per hour, what was the percent error in this measurement? Do not include the percent sign (%) in your answer. Round your answer to two decimal places after solving for the percent. Only write python code. Store the output in variable Ans in your python code.","speed_measured = 103
speed_actual = 102.8
error = abs(speed_measured - speed_actual)
percent_error = (error / speed_actual) * 100
Ans = round(percent_error, 2)",0.19,1,,
30,255,"A submarine is searching for underwater features. It is accompanied by a small aircraft and an underwater robotic vehicle. At one time the aircraft is 200 m above the surface, the submarine is 55 m below the surface, and the underwater robotic vehicle is 227 m below the surface. What is the difference in height between the submarine and the aircraft? Do not include units (m) in your answer.","Please write a python code that will output the answer to this question: A submarine is searching for underwater features. It is accompanied by a small aircraft and an underwater robotic vehicle. At one time the aircraft is 200 m above the surface, the submarine is 55 m below the surface, and the underwater robotic vehicle is 227 m below the surface. What is the difference in height between the submarine and the aircraft? Do not include units (m) in your answer. Only write python code. Store the output in variable Ans in your python code.","difference = abs(200 - 55)
Ans = difference",145,0,,
31,-2.55,Some boats were traveling up and down a river. A satellite recorded the movements of several boats. A motor boat traveled -3.4 miles per hour for 0.75 hours. How far did it go? Do not include units (miles) in your answer.,Please write a python code that will output the answer to this question: Some boats were traveling up and down a river. A satellite recorded the movements of several boats. A motor boat traveled -3.4 miles per hour for 0.75 hours. How far did it go? Do not include units (miles) in your answer. Only write python code. Store the output in variable Ans in your python code.,"distance = -3.4 * 0.75
Ans = distance",-2.55,1,,
32,-280,A submarine is only allowed to change its depth by rising toward the surface in 60-meter stages. It starts off at -340 meters. At what depth is it after 1 stage Do not include units (m) in your answer.,Please write a python code that will output the answer to this question: A submarine is only allowed to change its depth by rising toward the surface in 60-meter stages. It starts off at -340 meters. At what depth is it after 1 stage Do not include units (m) in your answer. Only write python code. Store the output in variable Ans in your python code.,"depth = -340 + 60
Ans = depth",-280,1,,
33,11,A coffee maker's directions say to use 2 tablespoons of ground coffee for every 6 ounces of water. How much coffee should you use for 33 ounces of water? Do not include units (tablespoons) in your answer.,Please write a python code that will output the answer to this question: A coffee maker's directions say to use 2 tablespoons of ground coffee for every 6 ounces of water. How much coffee should you use for 33 ounces of water? Do not include units (tablespoons) in your answer. Only write python code. Store the output in variable Ans in your python code.,"coffee_ounces = 2
water_ounces = 6
ratio = coffee_ounces / water_ounces
water_amount = 33
coffee_amount = ratio * water_amount
Ans = coffee_amount",11,1,,
34,12,"A bank charges a service fee of $7.50 per month for a checking account. A bank account has $85.00. If no money is deposited or withdrawn except the service charge, how many months until the account balance is negative? Do not include units (months) in your answer.","Please write a python code that will output the answer to this question: A bank charges a service fee of $7.50 per month for a checking account. A bank account has $85.00. If no money is deposited or withdrawn except the service charge, how many months until the account balance is negative? Do not include units (months) in your answer. Only write python code. Store the output in variable Ans in your python code.","balance = 85.0
service_fee = 7.5
months = 0

while balance > 0:
    balance -= service_fee
    months += 1

Ans = months - 1",11,0,,
35,300,"A large aquarium of water is being filled with a hose. Due to a problem, the sensor does not start working until some time into the filling process. The sensor starts its recording at the time zero minutes. The sensor initially detects the tank has 225 liters of water in it. The hose fills the aquarium at a constant rate of 15 liters per minute. What will the sensor read at the time of 5 minutes? Do not include units (liters) in your answer.","Please write a python code that will output the answer to this question: A large aquarium of water is being filled with a hose. Due to a problem, the sensor does not start working until some time into the filling process. The sensor starts its recording at the time zero minutes. The sensor initially detects the tank has 225 liters of water in it. The hose fills the aquarium at a constant rate of 15 liters per minute. What will the sensor read at the time of 5 minutes? Do not include units (liters) in your answer. Only write python code. Store the output in variable Ans in your python code.","def calculate_water_volume(initial_volume, fill_rate, time):
    return initial_volume + fill_rate * time

initial_volume = 225
fill_rate = 15
time = 5

Ans = calculate_water_volume(initial_volume, fill_rate, time)",300,1,,
36,24.15,A restaurant bill is $21. You leave a 15% tip. How much do you pay including the tip? Do not include units ($) in your answer.,Please write a python code that will output the answer to this question: A restaurant bill is $21. You leave a 15% tip. How much do you pay including the tip? Do not include units ($) in your answer. Only write python code. Store the output in variable Ans in your python code.,"tip_amount = 21 * 0.15
total_payment = 21 + tip_amount
Ans = total_payment",24.15,1,,
37,28,Andre wants to buy a backpack. The normal price of the backpack is $40. He notices that a store that sells the backpack is having a 30% off sale. What is the sale price of the backpack? Do not include units ($) in your answer,Please write a python code that will output the answer to this question: Andre wants to buy a backpack. The normal price of the backpack is $40. He notices that a store that sells the backpack is having a 30% off sale. What is the sale price of the backpack? Do not include units ($) in your answer Only write python code. Store the output in variable Ans in your python code.,"price = 40
discount = 0.3
sale_price = price * (1 - discount)
Ans = int(sale_price)",28,1,,
38,25,"On the first math exam, 16 students received an A grade. On the second math exam, 12 students received an A grade. What percentage decrease is that? Do not include the percent sign (%) in your answer. ","Please write a python code that will output the answer to this question: On the first math exam, 16 students received an A grade. On the second math exam, 12 students received an A grade. What percentage decrease is that? Do not include the percent sign (%) in your answer.  Only write python code. Store the output in variable Ans in your python code.","First_exam_students = 16
Second_exam_students = 12

Decrease = (First_exam_students - Second_exam_students) / First_exam_students * 100

Ans = round(Decrease, 2)",25,1,,
39,-10,Find the value of each variable. a*3 = -30 a = _____,Please write a python code that will output the answer to this question: Find the value of each variable. a*3 = -30 a = _____ Only write python code. Store the output in variable Ans in your python code.,"a = -30 / 3
Ans = a
print(Ans)",-10,1,,
40,58,The baby giraffe weighed 132 pounds at birth. He gained weight at a steady rate for the first 7 months until his weight reached 538 pounds. How much did he gain each month? Do not include units (pounds) in your answer.,Please write a python code that will output the answer to this question: The baby giraffe weighed 132 pounds at birth. He gained weight at a steady rate for the first 7 months until his weight reached 538 pounds. How much did he gain each month? Do not include units (pounds) in your answer. Only write python code. Store the output in variable Ans in your python code.,"weight_gain = 538 - 132
months = 7
weight_gain_per_month = weight_gain / months
Ans = weight_gain_per_month",58,1,,
41,"8,953.50","In 2012, James Cameron descended to the bottom of Challenger Deep in the Marianas Trench; the deepest point in the ocean. The vessel he rode in was called DeepSea Challenger. Challenger Deep is 35,814 feet deep at its lowest point. DeepSea Challenger's descent was a change in depth of (-4) feet per second. We can use the equation y=-4x to model this relationship, where y is the depth and xis the time in seconds that have passed. How many seconds does this model suggest it would take for DeepSea Challenger to reach the bottom? Do not include units (seconds) in your answer.","Please write a python code that will output the answer to this question: In 2012, James Cameron descended to the bottom of Challenger Deep in the Marianas Trench; the deepest point in the ocean. The vessel he rode in was called DeepSea Challenger. Challenger Deep is 35,814 feet deep at its lowest point. DeepSea Challenger's descent was a change in depth of (-4) feet per second. We can use the equation y=-4x to model this relationship, where y is the depth and xis the time in seconds that have passed. How many seconds does this model suggest it would take for DeepSea Challenger to reach the bottom? Do not include units (seconds) in your answer. Only write python code. Store the output in variable Ans in your python code.","You can use the following Python code to calculate the time it took for DeepSea Challenger to reach the bottom:

```python
import math

depth = 35814
rate = 4
Ans = abs(depth / rate)
```

This code defines the depth of Challenger Deep, the rate of descent, and then uses the absolute value of the division of depth by rate to calculate the time it took for DeepSea Challenger to reach the bottom. The result will be stored in the variable `Ans`.",8953.5,1,,
42,5.5,"Starting at noon, the temperature dropped steadily at a rate of 0.8 degrees Celsius every hour. How many hours did it take for the temperature to decrease by 4.4 degrees Celsius? Do not include units (hours) in your answer.","Please write a python code that will output the answer to this question: Starting at noon, the temperature dropped steadily at a rate of 0.8 degrees Celsius every hour. How many hours did it take for the temperature to decrease by 4.4 degrees Celsius? Do not include units (hours) in your answer. Only write python code. Store the output in variable Ans in your python code.","hours = 4.4 / 0.8
Ans = int(hours)",5,0,,
43,16,A backpack normally costs $25 but it is on sale for $21. What percentage is the discount? Do not include the percent sign (%) in your answer.,Please write a python code that will output the answer to this question: A backpack normally costs $25 but it is on sale for $21. What percentage is the discount? Do not include the percent sign (%) in your answer. Only write python code. Store the output in variable Ans in your python code.,"original_price = 25
sale_price = 21
discount = (original_price - sale_price) / original_price * 100
Ans = round(discount, 2)",16,1,,
44,7,"One year ago, Clare was 4 feet 6 inches tall. Now Clare is 4 feet 10 inches tall. By what percentage did Clare's height increase in the last year? Round your answer to the nearest whole number. Do not include the percent sign (%) in your answer. ","Please write a python code that will output the answer to this question: One year ago, Clare was 4 feet 6 inches tall. Now Clare is 4 feet 10 inches tall. By what percentage did Clare's height increase in the last year? Round your answer to the nearest whole number. Do not include the percent sign (%) in your answer.  Only write python code. Store the output in variable Ans in your python code.","def height_increase():
    last_year_height = 4 * 12 + 6
    current_height = 4 * 12 + 10
    height_diff = current_height - last_year_height
    percentage_diff = (height_diff / last_year_height) * 100
    rounded_diff = round(percentage_diff)
    return rounded_diff

Ans = height_increase()",7,1,,
45,8,Lin's puppy is gaining weight at a rate of 0.125 pounds per day. Describe the weight gain in days per pound. Do not include units (days) in your answer.,Please write a python code that will output the answer to this question: Lin's puppy is gaining weight at a rate of 0.125 pounds per day. Describe the weight gain in days per pound. Do not include units (days) in your answer. Only write python code. Store the output in variable Ans in your python code.,"weight_gain = 0.125
days_per_pound = 1 / weight_gain
Ans = days_per_pound

print(Ans)",8,1,,
46,8.8,The price of a pair of earrings is $22 but Priya buys them on sale for $13.20. By how much was the price discounted? Do not include units ($) in your answer.,Please write a python code that will output the answer to this question: The price of a pair of earrings is $22 but Priya buys them on sale for $13.20. By how much was the price discounted? Do not include units ($) in your answer. Only write python code. Store the output in variable Ans in your python code.,"price_earrings = 22
sale_price = 13.20
discount = price_earrings - sale_price
Ans = discount",8.8,1,,
47,13.52,At a skateboard shop the price tag on a shirt says $12.58. Sales tax is 7.5% of the price. How much will you pay for the shirt? Do not include units ($) in your answer.,Please write a python code that will output the answer to this question: At a skateboard shop the price tag on a shirt says $12.58. Sales tax is 7.5% of the price. How much will you pay for the shirt? Do not include units ($) in your answer. Only write python code. Store the output in variable Ans in your python code.,"price = 12.58
tax_rate = 0.075
total_price = price * (1 + tax_rate)
Ans = total_price",13.5235,1,,
48,446,"A passenger on a ship dropped his camera into the ocean. If it is descending at a rate of -4.2 meters per second, how long (in seconds) until it hits the bottom of the ocean, which is at -1875 meters? Round to the nearest second. Do not include units (seconds) in your answer.","Please write a python code that will output the answer to this question: A passenger on a ship dropped his camera into the ocean. If it is descending at a rate of -4.2 meters per second, how long (in seconds) until it hits the bottom of the ocean, which is at -1875 meters? Round to the nearest second. Do not include units (seconds) in your answer. Only write python code. Store the output in variable Ans in your python code.","import math

camera_depth = -1875
speed = -4.2
Ans = round(abs(camera_depth / speed), 0)",446,1,,
49,1,"A triangle has sides of length 7 cm, 4 cm, and 5 cm. How many unique triangles can be drawn that fit that description? Do not include units (unique triangles) using the tools below.","Please write a python code that will output the answer to this question: A triangle has sides of length 7 cm, 4 cm, and 5 cm. How many unique triangles can be drawn that fit that description? Do not include units (unique triangles) using the tools below. Only write python code. Store the output in variable Ans in your python code.","from math import sqrt

def is_valid_triangle(a, b, c):
    return a + b > c and a + c > b and b + c > a

def num_unique_triangles(a, b, c):
    count = 0
    for x in range(1, a + 1):
        for y in range(1, b + 1):
            for z in range(1, c + 1):
                if is_valid_triangle(x, y, z):
                    count += 1
    return count

a = 7
b = 4
c = 5

Ans = num_unique_triangles(a, b, c)
print(Ans)",59,0,,
50,318,"If you deposit $300 in an account with a 6% interest rate, how much will be in your account after 1 year? Do not include units (dollars) in your answer. ","Please write a python code that will output the answer to this question: If you deposit $300 in an account with a 6% interest rate, how much will be in your account after 1 year? Do not include units (dollars) in your answer.  Only write python code. Store the output in variable Ans in your python code.","P = 300
r = 0.06
t = 1
Ans = P * (1 + r) ** t
print(Ans)",318,1,,
51,60,Two angles are supplementary. One has a measure that is twice as large as the other. Find the two angle measures. What is the measure of the smaller angle? Do not include units (degrees) in your answer.,Please write a python code that will output the answer to this question: Two angles are supplementary. One has a measure that is twice as large as the other. Find the two angle measures. What is the measure of the smaller angle? Do not include units (degrees) in your answer. Only write python code. Store the output in variable Ans in your python code.,"Supplementary angles sum up to 180 degrees. Let the smaller angle be x, then the larger angle is 2x. We can write an equation to represent the relationship between the two angles: x + 2x = 180. We can solve for x to find the measure of the smaller angle. Here is the Python code to find the measure of the smaller angle:

```python
x = (180 - (2 * x)) / 2
Ans = x
```

To find the value of x, you can use the following code:

```python
x = (180 - (2 * x)) / 2
print(x)
```

This will output the measure of the smaller angle.",NameError: name 'x' is not defined,0,,
52,5,"Priya's cat is pregnant with a litter of 5 kittens. Each kitten has a 30% chance of being chocolate brown. Priya wants to know the probability that at least two of the kittens will be chocolate brown. To simulate this, Priya put 3 white cubes and 7 green cubes in a bag. (This means that the white cubes represent the chances of a brown cat.) For each trial, Priya pulled out and returned a cube 5 times. Priya conducted 12 trials. Here is a table with the results. trial number outcome 1 ggggg 2 gggwg 3 wgwgw 4 gwggg 5 gggwg 6 wwggg 7 gwggg 8 ggwgw 9 wwwgg 10 ggggw 11 wggwg 12 gggwg How many successful trials were there?","Please write a python code that will output the answer to this question: Priya's cat is pregnant with a litter of 5 kittens. Each kitten has a 30% chance of being chocolate brown. Priya wants to know the probability that at least two of the kittens will be chocolate brown. To simulate this, Priya put 3 white cubes and 7 green cubes in a bag. (This means that the white cubes represent the chances of a brown cat.) For each trial, Priya pulled out and returned a cube 5 times. Priya conducted 12 trials. Here is a table with the results. trial number outcome 1 ggggg 2 gggwg 3 wgwgw 4 gwggg 5 gggwg 6 wwggg 7 gwggg 8 ggwgw 9 wwwgg 10 ggggw 11 wggwg 12 gggwg How many successful trials were there? Only write python code. Store the output in variable Ans in your python code.","Here's a Python code to calculate the number of successful trials based on the given table:

```python
import random

def simulate_trial():
    return ''.join(random.choices(['w', 'g'], [0.3, 0.7], k=5))

def count_successful_trials(trials):
    successful_trials = sum(1 for trial in trials if trial.count('w') >= 2)
    return successful_trials

trials = [simulate_trial() for _ in range(12)]
successful_trials = count_successful_trials(trials)
Ans = successful_trials
print(""Number of successful trials:"", Ans)
```

This code simulates the trials, counts the number of successful trials, and stores the result in the variable `Ans`. The output will be the number of successful trials based on the given table.",6,0,,
53,30,"A factory produces 3 bottles of sparkling water for every 7 bottles of plain water. If those are the only two products they produce, what percentage of their production is sparkling water? Do not include the percent sign (%) in your answer.","Please write a python code that will output the answer to this question: A factory produces 3 bottles of sparkling water for every 7 bottles of plain water. If those are the only two products they produce, what percentage of their production is sparkling water? Do not include the percent sign (%) in your answer. Only write python code. Store the output in variable Ans in your python code.","sparkling_ratio = 3 / 7
sparkling_percentage = (sparkling_ratio * 100)
Ans = sparkling_percentage",42.85714286,0,,
54,30,Angle H is half as large as angle J. Angle J is one fourth as large as angle K. Angle K has a measure of 240 degrees. What is the measure of angle H? Do not include units (&deg;) in your answer.,Please write a python code that will output the answer to this question: Angle H is half as large as angle J. Angle J is one fourth as large as angle K. Angle K has a measure of 240 degrees. What is the measure of angle H? Do not include units (&deg;) in your answer. Only write python code. Store the output in variable Ans in your python code.,"angle_K = 240
angle_J = angle_K / 4
angle_H = angle_J / 2
Ans = int(angle_H)",30,1,,
55,14.4,"Today, everything at a store is on sale. The store offers a 20% discount. The regular price of a T-shirt is $18. What is the discount price? Do not include units ($) in your answer.","Please write a python code that will output the answer to this question: Today, everything at a store is on sale. The store offers a 20% discount. The regular price of a T-shirt is $18. What is the discount price? Do not include units ($) in your answer. Only write python code. Store the output in variable Ans in your python code.","price = 18
discount = 0.2
discounted_price = price * (1 - discount)
Ans = int(discounted_price)",14,0,,
56,18.19,"Lin's father is paying for a $20 meal. He has a 15%-off coupon for the meal. After the discount, a 7% sales tax is applied. What does Lin's father pay for the meal? Do not include units ($) in your answer.","Please write a python code that will output the answer to this question: Lin's father is paying for a $20 meal. He has a 15%-off coupon for the meal. After the discount, a 7% sales tax is applied. What does Lin's father pay for the meal? Do not include units ($) in your answer. Only write python code. Store the output in variable Ans in your python code.","meal_price = 20
discount_rate = 15
tax_rate = 7

discounted_price = meal_price - (meal_price * discount_rate / 100)
tax = discounted_price * tax_rate / 100
total_price = discounted_price + tax

Ans = total_price",18.19,1,,
57,2.7,A bookstore has marked down the price for all the books in a certain series by 15%. How much is the discount on a book that normally costs $18.00? Do not include units ($) in your answer.,Please write a python code that will output the answer to this question: A bookstore has marked down the price for all the books in a certain series by 15%. How much is the discount on a book that normally costs $18.00? Do not include units ($) in your answer. Only write python code. Store the output in variable Ans in your python code.,"discount = 18 * 0.15
Ans = discount",2.7,1,,
58,25,"Andre received and spent money in the following ways last month. For each example, write a positive or negative number to represent the change in money from his perspective. His uncle gave him $25 as a present.","Please write a python code that will output the answer to this question: Andre received and spent money in the following ways last month. For each example, write a positive or negative number to represent the change in money from his perspective. His uncle gave him $25 as a present. Only write python code. Store the output in variable Ans in your python code.","Here's a Python code that calculates the change in money for Andre based on the given information:

```python
uncle_gift = 25
spent_money = 10

Ans = uncle_gift - spent_money
```

In this code, `Ans` will store the result of the change in money for Andre, which is $15 (25 - 10).",15,0,,
59,1148,"A video game developer wants to know how long it takes people to finish playing their new game. They surveyed a random sample of 13 players and asked how long it took them (in minutes). 1,235 952 457 1,486 1,759 1,148 548 1,037 1,864 1,245 976 866 1,431 Based on the sample, what is the median time it will take all players to finish this game? Do not include units (minutes) in your answer.","Please write a python code that will output the answer to this question: A video game developer wants to know how long it takes people to finish playing their new game. They surveyed a random sample of 13 players and asked how long it took them (in minutes). 1,235 952 457 1,486 1,759 1,148 548 1,037 1,864 1,245 976 866 1,431 Based on the sample, what is the median time it will take all players to finish this game? Do not include units (minutes) in your answer. Only write python code. Store the output in variable Ans in your python code.","```python
data = [1235, 952, 457, 1486, 1759, 1148, 548, 1037, 1864, 1245, 976, 866, 1431]
data.sort()
median_index = len(data) // 2
Ans = data[median_index] if len(data) % 2 == 1 else (data[median_index - 1] + data[median_index]) / 2
```
The value of Ans will be the median time it will take all players to finish the game.",1148,1,,
60,6,"Ten students each attempted 10 free throws. This list shows how many free throws each student made. 8, 5, 6, 6, 4, 9, 7, 6, 5, 9 What is the median number of free throws made? Do not include units (free throws) in your answer.","Please write a python code that will output the answer to this question: Ten students each attempted 10 free throws. This list shows how many free throws each student made. 8, 5, 6, 6, 4, 9, 7, 6, 5, 9 What is the median number of free throws made? Do not include units (free throws) in your answer. Only write python code. Store the output in variable Ans in your python code.","def median(numbers):
    numbers.sort()
    n = len(numbers)
    if n % 2 == 0:
        return (numbers[n//2 - 1] + numbers[n//2]) / 2
    else:
        return numbers[n//2]

data = [8, 5, 6, 6, 4, 9, 7, 6, 5, 9]
Ans = median(data)",6,1,,
61,8.975,"A farmer grows 5,000 pumpkins each year. The pumpkins are priced according to their weight, so the farmer would like to estimate the mean weight of the pumpkins he grew this year. He randomly selects 8 pumpkins and weighs them. Here are the weights (in pounds) of these pumpkins: 2.9 6.8 7.3 7.7 8.9 10.6 12.3 15.3 Estimate the mean weight of the pumpkins the farmer grew. Do not include units (pounds) in your answer.","Please write a python code that will output the answer to this question: A farmer grows 5,000 pumpkins each year. The pumpkins are priced according to their weight, so the farmer would like to estimate the mean weight of the pumpkins he grew this year. He randomly selects 8 pumpkins and weighs them. Here are the weights (in pounds) of these pumpkins: 2.9 6.8 7.3 7.7 8.9 10.6 12.3 15.3 Estimate the mean weight of the pumpkins the farmer grew. Do not include units (pounds) in your answer. Only write python code. Store the output in variable Ans in your python code.","Here's the Python code to estimate the mean weight of the pumpkins:

```python
weights = [2.9, 6.8, 7.3, 7.7, 8.9, 10.6, 12.3, 15.3]
mean_weight = sum(weights) / len(weights)
Ans = mean_weight
```

The estimated mean weight of the pumpkins the farmer grew is stored in the variable `Ans`.",8.975,1,,
62,6.1,"Here are the ages (in years) of a random sample of 10 viewers for 3 different television shows. The shows are titled, ""Science Experiments YOU Can Do,"" ""Learning to Read,"" and ""Trivia the Game Show."" Sample 1 6 6 5 4 8 5 7 8 6 6 Sample 2 15 14 12 13 12 10 12 11 10 8 Sample 3 43 60 50 36 58 50 73 59 69 51 Calculate the mean for sample 1. Do not include units (years) in your answer.","Please write a python code that will output the answer to this question: Here are the ages (in years) of a random sample of 10 viewers for 3 different television shows. The shows are titled, ""Science Experiments YOU Can Do,"" ""Learning to Read,"" and ""Trivia the Game Show."" Sample 1 6 6 5 4 8 5 7 8 6 6 Sample 2 15 14 12 13 12 10 12 11 10 8 Sample 3 43 60 50 36 58 50 73 59 69 51 Calculate the mean for sample 1. Do not include units (years) in your answer. Only write python code. Store the output in variable Ans in your python code.","```python
sample1 = [6, 6, 5, 4, 8, 5, 7, 8, 6, 6]
mean = sum(sample1) / len(sample1)
Ans = mean
print(Ans)
```",6.1,1,,
63,10,Your teacher will give you a figure with measurements in centimeters. What is the area of your figure? Do not include units in your answer.,Please write a python code that will output the answer to this question: Your teacher will give you a figure with measurements in centimeters. What is the area of your figure? Do not include units in your answer. Only write python code. Store the output in variable Ans in your python code.,"To write a Python code for calculating the area of a figure, I would need the measurements of the figure. Please provide the measurements, and I will write the code accordingly.",NA,0,,
64,350,"Your teacher will give you a drawing of the Apollo Lunar Module. It is drawn at a scale of 1 to 50. The ""legs"" of the spacecraft are its landing gear. Measure the legs on the drawing to find the actual length of each leg on the sides. After measuring and solving for the actual length, write your answer to the nearest 10 centimeters. Do not include units (centimeters) in your answer.","Please write a python code that will output the answer to this question: Your teacher will give you a drawing of the Apollo Lunar Module. It is drawn at a scale of 1 to 50. The ""legs"" of the spacecraft are its landing gear. Measure the legs on the drawing to find the actual length of each leg on the sides. After measuring and solving for the actual length, write your answer to the nearest 10 centimeters. Do not include units (centimeters) in your answer. Only write python code. Store the output in variable Ans in your python code.","First, we need to know the length of the legs on the drawing. Let's assume the length of the legs on the drawing is 5 cm. Then, we can calculate the actual length of the legs using the scale (1 to 50) and the given length. After that, we can round the result to the nearest 10 centimeters and store the output in the variable Ans. Here's the Python code:

```python
drawing_leg_length = 5  # Length of the legs on the drawing in centimeters
scale = 50  # Scale of the drawing (1 to 50)

actual_leg_length = drawing_leg_length * scale
rounded_leg_length = round(actual_leg_length / 10) * 10

Ans = rounded_leg_length
```

In this example, the actual length of the legs would be 250 cm (5 cm * 50). The rounded length is 240 cm (250 cm / 10, then multiplied by 10). The value of Ans would be 240.",250,0,,
65,150,"Aluminum cans can be recycled instead of being thrown in the garbage. The weight of 10 aluminum cans is 0.16 kilograms. The aluminum in 10 cans that are recycled has a value of $0.14. If a family threw away 2.4 kg of aluminum in a month, how many cans did they throw away? Do not include units (cans) in your answer.","Please write a python code that will output the answer to this question: Aluminum cans can be recycled instead of being thrown in the garbage. The weight of 10 aluminum cans is 0.16 kilograms. The aluminum in 10 cans that are recycled has a value of $0.14. If a family threw away 2.4 kg of aluminum in a month, how many cans did they throw away? Do not include units (cans) in your answer. Only write python code. Store the output in variable Ans in your python code.","weight_of_10_cans = 0.16
value_of_10_cans = 0.14
total_weight = 2.4
cans_thrown_away = total_weight / weight_of_10_cans
Ans = int(cans_thrown_away / 10)",1,0,,
66,165,"Andre drew a plan of a courtyard at a scale of 1 to 60. On his drawing, one side of the courtyard is 2.75 inches. What is the actual measurement of that side of the courtyard? Express your answer in inches. Do not include units (inches) in your answer.","Please write a python code that will output the answer to this question: Andre drew a plan of a courtyard at a scale of 1 to 60. On his drawing, one side of the courtyard is 2.75 inches. What is the actual measurement of that side of the courtyard? Express your answer in inches. Do not include units (inches) in your answer. Only write python code. Store the output in variable Ans in your python code.","scale = 1 / 60
drawing_size = 2.75
actual_size = drawing_size * scale
Ans = actual_size",0.045833333,0,,
67,5,"When you mix two colors of paint in equivalent ratios, the resulting color is always the same. cups of blue paint cups of yellow paint 2 10 1 How many cups of yellow paint should you mix with 1 cup of blue paint to make the same shade of green? Do not include units (cups) in your answer.","Please write a python code that will output the answer to this question: When you mix two colors of paint in equivalent ratios, the resulting color is always the same. cups of blue paint cups of yellow paint 2 10 1 How many cups of yellow paint should you mix with 1 cup of blue paint to make the same shade of green? Do not include units (cups) in your answer. Only write python code. Store the output in variable Ans in your python code.","Here is the Python code for the given question:

ratio = [2, 10, 1]
blue = 1
yellow = int((blue * ratio[0]) / ratio[1])
Ans = yellow",0,0,,
68,700,"Based on her recipe, Elena knows that 5 servings of granola have 1,750 calories. If she eats 2 servings of granola, how many calories does she eat? Do not include units (calories) in your answer.","Please write a python code that will output the answer to this question: Based on her recipe, Elena knows that 5 servings of granola have 1,750 calories. If she eats 2 servings of granola, how many calories does she eat? Do not include units (calories) in your answer. Only write python code. Store the output in variable Ans in your python code.","servings = 2
total_calories = 1750
calories_per_serving = total_calories // servings
Ans = calories_per_serving",875,0,,
69,0.25,Elena went to a store where you can scoop your own popcorn and buy as much as you want. She bought 10 ounces of spicy popcorn for $2.50. How much does popcorn cost per ounce? Do not include units ($) in your answer.,Please write a python code that will output the answer to this question: Elena went to a store where you can scoop your own popcorn and buy as much as you want. She bought 10 ounces of spicy popcorn for $2.50. How much does popcorn cost per ounce? Do not include units ($) in your answer. Only write python code. Store the output in variable Ans in your python code.,"cost_per_ounce = 2.50 / 10
Ans = cost_per_ounce",0.25,1,,
70,45,"The number of fish in a lake decreased by 25% between last year and this year. Last year there were 60 fish in the lake. What is the population this year? If you get stuck, consider drawing a diagram.","Please write a python code that will output the answer to this question: The number of fish in a lake decreased by 25% between last year and this year. Last year there were 60 fish in the lake. What is the population this year? If you get stuck, consider drawing a diagram. Only write python code. Store the output in variable Ans in your python code.","fish_last_year = 60
decrease_percentage = 25
fish_this_year = fish_last_year * (100 - decrease_percentage) / 100

Ans = fish_this_year",45,1,,
71,66.25,"A company claims that their new bottle holds 25% more laundry soap. If their original container held 53 fluid ounces of soap, how much does the new container hold? Do not include units (oz) in your answer.","Please write a python code that will output the answer to this question: A company claims that their new bottle holds 25% more laundry soap. If their original container held 53 fluid ounces of soap, how much does the new container hold? Do not include units (oz) in your answer. Only write python code. Store the output in variable Ans in your python code.","original_container = 53
percentage_increase = 0.25
new_container = original_container * (1 + percentage_increase)

Ans = new_container",66.25,1,,
72,5.61,"At a dinner, the meal cost $22 and a sales tax of $1.87 was added to the bill. How much would the sales tax be on a $66 meal? Do not include units ($) in your answer.","Please write a python code that will output the answer to this question: At a dinner, the meal cost $22 and a sales tax of $1.87 was added to the bill. How much would the sales tax be on a $66 meal? Do not include units ($) in your answer. Only write python code. Store the output in variable Ans in your python code.","meal_cost = 66
sales_tax = (meal_cost * 0.0825)
Ans = sales_tax",5.445,0,,
73,4,"To be labeled as a jumbo egg, the egg is supposed to weigh 2.5 oz. Priya buys a carton of jumbo eggs and measures one of the eggs as 2.4 oz. What is the percent error? Do not include the percent sign (%) in your answer.","Please write a python code that will output the answer to this question: To be labeled as a jumbo egg, the egg is supposed to weigh 2.5 oz. Priya buys a carton of jumbo eggs and measures one of the eggs as 2.4 oz. What is the percent error? Do not include the percent sign (%) in your answer. Only write python code. Store the output in variable Ans in your python code.","def percent_error(actual, measured):
    error = abs(actual - measured) / actual * 100
    return error

actual_weight = 2.5
measured_weight = 2.4

Ans = percent_error(actual_weight, measured_weight)",4,1,,
74,-14.57,"Lin's sister has a checking account. If the account balance ever falls below zero, the bank charges her a fee of $5.95 per day. Today, the balance in Lin's sister's account is -$2.67. If she does not make any deposits or withdrawals, what will be the balance in her account after 2 days? Do not include units ($) in your answer.","Please write a python code that will output the answer to this question: Lin's sister has a checking account. If the account balance ever falls below zero, the bank charges her a fee of $5.95 per day. Today, the balance in Lin's sister's account is -$2.67. If she does not make any deposits or withdrawals, what will be the balance in her account after 2 days? Do not include units ($) in your answer. Only write python code. Store the output in variable Ans in your python code.","balance = -2.67
fee_per_day = 5.95

day_1 = balance - fee_per_day
day_2 = day_1 - fee_per_day

Ans = day_2",-14.57,1,,
75,14,"Diego scored 9 points less than Andre in the basketball game. Noah scored twice as many points as Diego. If Noah scored 10 points, how many points did Andre score?","Please write a python code that will output the answer to this question: Diego scored 9 points less than Andre in the basketball game. Noah scored twice as many points as Diego. If Noah scored 10 points, how many points did Andre score? Only write python code. Store the output in variable Ans in your python code.","points_noah = 10
points_diego = points_noah / 2
points_andre = points_diego + 9
Ans = points_andre",14,1,,
76,0.7,A chemical engineer is trying to increase the amount of the useful product in a reaction. She performs the reaction with her new equipment 10 times and gets the following amounts of the useful product: 47.1 48.2 48.3 47.5 48.5 48.1 47.2 48.2 48.4 48.3 What proportion of the reactions were above the 48 grams threshold?,Please write a python code that will output the answer to this question: A chemical engineer is trying to increase the amount of the useful product in a reaction. She performs the reaction with her new equipment 10 times and gets the following amounts of the useful product: 47.1 48.2 48.3 47.5 48.5 48.1 47.2 48.2 48.4 48.3 What proportion of the reactions were above the 48 grams threshold? Only write python code. Store the output in variable Ans in your python code.,"```python
data = [47.1, 48.2, 48.3, 47.5, 48.5, 48.1, 47.2, 48.2, 48.4, 48.3]
threshold = 48
count_above_threshold = len([x for x in data if x > threshold])
total_reactions = len(data)
Ans = count_above_threshold / total_reactions
```",0.7,1,,
77,"3,900","The circumference of a car wheel is about 65 inches. If the car wheel rotates once per second, how far does the car travel in one minute? Do not include units (inches) in your answer.","Please write a python code that will output the answer to this question: The circumference of a car wheel is about 65 inches. If the car wheel rotates once per second, how far does the car travel in one minute? Do not include units (inches) in your answer. Only write python code. Store the output in variable Ans in your python code.","circumference = 65
rotations_per_minute = 60
distance_per_rotation = circumference
distance_per_minute = distance_per_rotation * rotations_per_minute
Ans = distance_per_minute",3900,1,,
78,616,Elena wants to tile the top of a circular table. The diameter of the table top is 28 inches. What is its area? Do not include units (square inches) in your answer. Round your answer to the nearest whole number.,Please write a python code that will output the answer to this question: Elena wants to tile the top of a circular table. The diameter of the table top is 28 inches. What is its area? Do not include units (square inches) in your answer. Round your answer to the nearest whole number. Only write python code. Store the output in variable Ans in your python code.,"import math

diameter = 28
radius = diameter / 2
area = math.pi * radius ** 2
Ans = round(area)

print(Ans)",616,1,,
79,91.2,"Tyler swims at a constant speed, 5 meters every 4 seconds. How long does it take him to swim 114 meters? distance (meters) time (seconds) 5 4 114 Do not include units (seconds) in your answer.","Please write a python code that will output the answer to this question: Tyler swims at a constant speed, 5 meters every 4 seconds. How long does it take him to swim 114 meters? distance (meters) time (seconds) 5 4 114 Do not include units (seconds) in your answer. Only write python code. Store the output in variable Ans in your python code.","distance = 114
speed = 5 / 4

time = distance / speed
Ans = time

# To print the value of Ans, uncomment the next line
# print(Ans)",91.2,1,,
80,198,"Green sea turtles live most of their lives in the ocean, but come ashore to lay their eggs. Some beaches where turtles often come ashore have been made into protected sanctuaries so the eggs will not be disturbed. One sanctuary had 180 green sea turtles come ashore to lay eggs last year. This year, the number of turtles increased by 10%. How many turtles came ashore to lay eggs in the sanctuary this year? Do not include units (turtles) in your answer","Please write a python code that will output the answer to this question: Green sea turtles live most of their lives in the ocean, but come ashore to lay their eggs. Some beaches where turtles often come ashore have been made into protected sanctuaries so the eggs will not be disturbed. One sanctuary had 180 green sea turtles come ashore to lay eggs last year. This year, the number of turtles increased by 10%. How many turtles came ashore to lay eggs in the sanctuary this year? Do not include units (turtles) in your answer Only write python code. Store the output in variable Ans in your python code.","total_turtles_last_year = 180
increase_percentage = 10

turtles_this_year = total_turtles_last_year * (1 + increase_percentage / 100)
Ans = int(turtles_this_year)",198,1,,
81,106,"Money in a particular savings account increases by about 6% after a year. How much money will be in the account after one year if the initial amount is $100? If you get stuck, consider using diagrams or a table to organize your work. Do not include units ($) in your answer.","Please write a python code that will output the answer to this question: Money in a particular savings account increases by about 6% after a year. How much money will be in the account after one year if the initial amount is $100? If you get stuck, consider using diagrams or a table to organize your work. Do not include units ($) in your answer. Only write python code. Store the output in variable Ans in your python code.","initial_amount = 100
interest_rate = 0.06
amount_after_year = initial_amount * (1 + interest_rate)

Ans = amount_after_year",106,1,,
82,850,"The value of a new car decreases by about 15% in the first year. How much will a car be worth after one year if its initial value was $1,000? If you get stuck, consider using diagrams or a table to organize your work. Do not include units ($) in your answer.","Please write a python code that will output the answer to this question: The value of a new car decreases by about 15% in the first year. How much will a car be worth after one year if its initial value was $1,000? If you get stuck, consider using diagrams or a table to organize your work. Do not include units ($) in your answer. Only write python code. Store the output in variable Ans in your python code.","```python
initial_value = 1000
depreciation_rate = 0.15
value_after_one_year = initial_value * (1 - depreciation_rate)
Ans = int(value_after_one_year)
```",850,1,,
83,3840,"A car dealership pays a wholesale price of $12,000 to purchase a vehicle. The car dealership wants to make a 32% profit. By how much will they mark up the price of the vehicle? Do not include units ($) in your answer.","Please write a python code that will output the answer to this question: A car dealership pays a wholesale price of $12,000 to purchase a vehicle. The car dealership wants to make a 32% profit. By how much will they mark up the price of the vehicle? Do not include units ($) in your answer. Only write python code. Store the output in variable Ans in your python code.","markup = round(12000 * 0.32)
Ans = markup
print(Ans)",3840,1,,
84,16,"For each gym membership sold, the gym keeps $42 and the employee who sold it gets $8. What is the commission the employee earned as a percentage of the total cost of the gym membership? Do not include the percent sign (%) in your answer.","Please write a python code that will output the answer to this question: For each gym membership sold, the gym keeps $42 and the employee who sold it gets $8. What is the commission the employee earned as a percentage of the total cost of the gym membership? Do not include the percent sign (%) in your answer. Only write python code. Store the output in variable Ans in your python code.","def calculate_commission(gym_membership_cost):
    commission = 8
    total_cost = 42 + commission
    employee_percentage = (commission / total_cost) * 100
    Ans = round(employee_percentage, 2)
    return Ans

gym_membership_cost = 42
print(calculate_commission(gym_membership_cost))",16,1,,
85,3.8,"A salesperson sold a car for $18,250 and their commission is $693.50. What percentage of the sale price is their commission? Do not include the percent sign (%) in your answer.","Please write a python code that will output the answer to this question: A salesperson sold a car for $18,250 and their commission is $693.50. What percentage of the sale price is their commission? Do not include the percent sign (%) in your answer. Only write python code. Store the output in variable Ans in your python code.","sale_price = 18250
commission = 693.50
percentage = (commission / sale_price) * 100
Ans = percentage",3.8,1,,
86,18.52,The bill for a meal was $33.75. The customer left $40.00. What percentage of the bill was the tip? Do not include the percent sign (%) in your answer. Round your answer to the nearest hundredth.,Please write a python code that will output the answer to this question: The bill for a meal was $33.75. The customer left $40.00. What percentage of the bill was the tip? Do not include the percent sign (%) in your answer. Round your answer to the nearest hundredth. Only write python code. Store the output in variable Ans in your python code.,"def calculate_tip(bill, payment):
    tip = payment - bill
    percentage = (tip / bill) * 100
    rounded_percentage = round(percentage, 2)
    return rounded_percentage

bill = 33.75
payment = 40.00
Ans = calculate_tip(bill, payment)",18.52,1,,
87,21.33,The original price of a bicycle was $375. Now it is on sale for $295. What percentage of the original price was the markdown? Do not include the percent sign (%) in your answer. Round your answer to the nearest hundredth.,Please write a python code that will output the answer to this question: The original price of a bicycle was $375. Now it is on sale for $295. What percentage of the original price was the markdown? Do not include the percent sign (%) in your answer. Round your answer to the nearest hundredth. Only write python code. Store the output in variable Ans in your python code.,"original_price = 375
sale_price = 295

markdown = (original_price - sale_price) / original_price * 100
Ans = round(markdown, 2)

# To print the value of Ans
print(Ans)",21.33,1,,
88,14,"A soccer field is 120 yards long. Han measures the length of the field using a 30-foot-long tape measure and gets a measurement of 358 feet, 10 inches. What is the amount of the error? Do not include units (inches) in your answer.","Please write a python code that will output the answer to this question: A soccer field is 120 yards long. Han measures the length of the field using a 30-foot-long tape measure and gets a measurement of 358 feet, 10 inches. What is the amount of the error? Do not include units (inches) in your answer. Only write python code. Store the output in variable Ans in your python code.","def error_calculation():
    field_length_yards = 120
    tape_measure_feet = 30
    measured_length_feet = 358 * 12 + 10

    true_length_feet = field_length_yards * 3
    error = abs(measured_length_feet - true_length_feet)
    return error

Ans = error_calculation()",3946,0,,
89,18,"One winter day, the temperature in Houston is 8&deg; Celsius. Find the temperatures in these other cities. Explain or show your reasoning. In Orlando, it is 10&deg; warmer than it is in Houston. Do not include units (degrees) in your answer.","Please write a python code that will output the answer to this question: One winter day, the temperature in Houston is 8&deg; Celsius. Find the temperatures in these other cities. Explain or show your reasoning. In Orlando, it is 10&deg; warmer than it is in Houston. Do not include units (degrees) in your answer. Only write python code. Store the output in variable Ans in your python code.","```python
# Temperature in Houston
temp_houston = 8

# Temperature in Orlando is 10 warmer than Houston
temp_orlando = temp_houston + 10

# Store the output in the variable Ans
Ans = temp_orlando
```

The temperature in Orlando is `18`.",18,1,,
90,-15,Priya wants to buy three tickets for a concert. She has earned $135 and each ticket costs $50. She borrows the rest of the money she needs from a bank and buys the tickets. How can you represent the amount of money that Priya has after buying the tickets? Do not include units ($) in your answer.,Please write a python code that will output the answer to this question: Priya wants to buy three tickets for a concert. She has earned $135 and each ticket costs $50. She borrows the rest of the money she needs from a bank and buys the tickets. How can you represent the amount of money that Priya has after buying the tickets? Do not include units ($) in your answer. Only write python code. Store the output in variable Ans in your python code.,"Priya's initial earnings = 135
Cost of each ticket = 50
Number of tickets = 3

Total cost of tickets = Cost of each ticket * Number of tickets
Priya's remaining earnings after buying the tickets = Priya's initial earnings - Total cost of tickets

Total cost of tickets = 50 * 3
Priya's remaining earnings after buying the tickets = 135 - Total cost of tickets

Ans = 135 - 50 * 3",-15,1,,
91,-3.51,Han's family got a solar panel. Each month they get a credit to their account for the electricity that is generated by the solar panel. The credit they receive varies based on how sunny it is. In January they used $83.56 worth of electricity and generated $6.75 worth of electricity. Here is their electricity bill from January. Current charges: $83.56 Solar credit: -6.75 Amount due: $76.81 In July they were traveling away from home and only used $19.24 worth of electricity. Their solar panel generated $22.75 worth of electricity. What was their amount due in July? Do not include units ($) in your answer.,Please write a python code that will output the answer to this question: Han's family got a solar panel. Each month they get a credit to their account for the electricity that is generated by the solar panel. The credit they receive varies based on how sunny it is. In January they used $83.56 worth of electricity and generated $6.75 worth of electricity. Here is their electricity bill from January. Current charges: $83.56 Solar credit: -6.75 Amount due: $76.81 In July they were traveling away from home and only used $19.24 worth of electricity. Their solar panel generated $22.75 worth of electricity. What was their amount due in July? Do not include units ($) in your answer. Only write python code. Store the output in variable Ans in your python code.,"Here's the Python code for calculating the amount due in July:

```python
january_usage = 83.56
january_generation = 6.75
july_usage = 19.24
july_generation = 22.75

january_amount_due = january_usage - january_generation
july_amount_due = july_usage - july_generation

Ans = july_amount_due
```",-3.51,1,,
92,-37.5,"A water well drilling rig has dug to a height of -60 feet after one full day of continuous use. Assuming the rig drilled at a constant rate, what was the height of the drill after 15 hours? Do not include units (ft) in your answer.","Please write a python code that will output the answer to this question: A water well drilling rig has dug to a height of -60 feet after one full day of continuous use. Assuming the rig drilled at a constant rate, what was the height of the drill after 15 hours? Do not include units (ft) in your answer. Only write python code. Store the output in variable Ans in your python code.","hours = 15
rate = -60 / 24
height = rate * hours
Ans = height",-37.5,1,,
93,77.94,A utility company charges $0.12 per kilowatt-hour for energy a customer uses. They give a credit of $0.025 for every kilowatt-hour of electricity a customer with a solar panel generates that they don't use themselves. A customer has a charge of $82.04 and a credit of -$4.10 on this month's bill. What is the amount due this month? Do not include units ($) in your answer.,Please write a python code that will output the answer to this question: A utility company charges $0.12 per kilowatt-hour for energy a customer uses. They give a credit of $0.025 for every kilowatt-hour of electricity a customer with a solar panel generates that they don't use themselves. A customer has a charge of $82.04 and a credit of -$4.10 on this month's bill. What is the amount due this month? Do not include units ($) in your answer. Only write python code. Store the output in variable Ans in your python code.,"Here's the Python code to solve the problem and store the answer in the variable 'Ans':

```python
charge_per_kwh = 0.12
credit_per_kwh = 0.025
charge = 82.04
credit = -4.10

total_kwh = (charge - credit) / ((charge_per_kwh - credit_per_kwh) if charge_per_kwh > credit_per_kwh else (credit_per_kwh - charge_per_kwh))

Ans = total_kwh
```",906.7368421,0,,
94,13,Solve each equation 100(x - 3) = 1000 x = _____,Please write a python code that will output the answer to this question: Solve each equation 100(x - 3) = 1000 x = _____ Only write python code. Store the output in variable Ans in your python code.,"x = (1000 + 300) // 100
Ans = x",13,1,,
95,3.03,"For each equation, try to solve the equation using each method (dividing each side first, or applying the distributive property first). Some equations are easier to solve by one method than the other. When that is the case, stop doing the harder method and write down the reason you stopped. 2000(x - 0.03) = 6000 x = ____","Please write a python code that will output the answer to this question: For each equation, try to solve the equation using each method (dividing each side first, or applying the distributive property first). Some equations are easier to solve by one method than the other. When that is the case, stop doing the harder method and write down the reason you stopped. 2000(x - 0.03) = 6000 x = ____ Only write python code. Store the output in variable Ans in your python code.","Here's the Python code to solve the equation:

```python
# Given equation
equation = ""2000(x - 0.03) = 6000""

# Divide each side first
divide_result = equation.replace(""2000(x - 0.03) = 6000"", ""x - 0.03 = 6000 / 2000"")
divide_result = divide_result.replace(""x - 0.03 = 6000 / 2000"", ""x = 3.0"")

# Apply the distributive property first
distribute_result = equation.replace(""2000(x - 0.03) = 6000"", ""2000x - 60 = 6000"")
distribute_result = distribute_result.replace(""2000x - 60 = 6000"", ""2000x = 6060"")
distribute_result = distribute_result.replace(""2000x = 6060"", ""x = 3.03"")

# Check which result is easier to solve
if float(divide_result.split("" = "")[1]) == float(distribute_result.split("" = "")[1]):
    Ans = divide_result.split("" = "")[1]
else:
    Ans = divide_result.split("" = "")[1]

print(Ans)
```

The output will be stored in the variable `Ans` and will be `3.0`.",3,0,,
96,9.25,"A family of 6 is going to the fair. They have a coupon for $1.50 off each ticket. If they pay $46.50 for all their tickets, how much does a ticket cost without the coupon? Do not include units ($) in your answer.","Please write a python code that will output the answer to this question: A family of 6 is going to the fair. They have a coupon for $1.50 off each ticket. If they pay $46.50 for all their tickets, how much does a ticket cost without the coupon? Do not include units ($) in your answer. Only write python code. Store the output in variable Ans in your python code.","total_cost = 46.50
coupon_discount = 1.50
family_size = 6
ticket_cost_without_coupon = (total_cost + (family_size * coupon_discount)) / family_size
Ans = int(ticket_cost_without_coupon)",9,0,,
97,14,Find the value of each expression mentally. 2 + 3 * 4,Please write a python code that will output the answer to this question: Find the value of each expression mentally. 2 + 3 * 4 Only write python code. Store the output in variable Ans in your python code.,Ans = 14,14,1,,
98,5,A wood floor is made by laying multiple boards end to end. Each board is measured with a maximum percent error of 5%. What is the maximum percent error for the total length of the floor? Do not include the percent sign (%) in your answer.,Please write a python code that will output the answer to this question: A wood floor is made by laying multiple boards end to end. Each board is measured with a maximum percent error of 5%. What is the maximum percent error for the total length of the floor? Do not include the percent sign (%) in your answer. Only write python code. Store the output in variable Ans in your python code.,"def max_percent_error(lengths):
    total_length = sum(lengths)
    max_error = 0
    for length in lengths:
        error = abs(length - total_length) / total_length * 100
        max_error = max(max_error, error)
    return max_error

lengths = [100, 102, 100, 98, 100]
Ans = max_percent_error(lengths)",80.4,0,,
99,5.5,Fill in the blank with a number that makes the expression on the right side of the equal sign equivalent to the expression on the left side. 5x - 2.5 + 6x - 3 = ___ (2x - 1),Please write a python code that will output the answer to this question: Fill in the blank with a number that makes the expression on the right side of the equal sign equivalent to the expression on the left side. 5x - 2.5 + 6x - 3 = ___ (2x - 1) Only write python code. Store the output in variable Ans in your python code.,"def main():
    ans = 11.5
    return ans

if __name__ == ""__main__"":
    Ans = main()
    print(Ans)",11.5,0,,
100,14,A rectangle that is 2 inches by 3 inches has been scaled by a factor of 7. What are the side lengths of the scaled copy? What is the length of the shorter side? Do not include units (inches) in your answer.,Please write a python code that will output the answer to this question: A rectangle that is 2 inches by 3 inches has been scaled by a factor of 7. What are the side lengths of the scaled copy? What is the length of the shorter side? Do not include units (inches) in your answer. Only write python code. Store the output in variable Ans in your python code.,"length_original = 2
width_original = 3
scale_factor = 7

length_scaled = length_original * scale_factor
width_scaled = width_original * scale_factor

shorter_side = min(length_scaled, width_scaled)

Ans = shorter_side",14,1,,
101,36,Noah enlarged a photograph by a scale factor of 6. The area of the enlarged photo is how many times as large as the area of the original?,Please write a python code that will output the answer to this question: Noah enlarged a photograph by a scale factor of 6. The area of the enlarged photo is how many times as large as the area of the original? Only write python code. Store the output in variable Ans in your python code.,"scale_factor = 6
original_area = 1
enlarged_area = original_area * scale_factor
Ans = enlarged_area / original_area
print(Ans)",6,0,,
102,12.5,"A scale drawing of a lake has a scale of 1 cm to 80 m. If the actual width of the lake is 1,000 m, what is the width of the lake on the scale drawing? Do not include units (cm) in your answer.","Please write a python code that will output the answer to this question: A scale drawing of a lake has a scale of 1 cm to 80 m. If the actual width of the lake is 1,000 m, what is the width of the lake on the scale drawing? Do not include units (cm) in your answer. Only write python code. Store the output in variable Ans in your python code.","scale = 1 / 80
actual_width = 1000
scaled_width = actual_width * scale
Ans = int(scaled_width)",12,0,,
103,-4.8,Add. -9.2 + 4.4,Please write a python code that will output the answer to this question: Add. -9.2 + 4.4 Only write python code. Store the output in variable Ans in your python code.,Ans = -9.2 + 4.4,-4.8,1,,
104,-93.4,Add. -81.4 + (-12),Please write a python code that will output the answer to this question: Add. -81.4 + (-12) Only write python code. Store the output in variable Ans in your python code.,"Ans = -81.4 + (-12)
print(Ans)",-93.4,1,,
105,-8,Solve the equation. x -(-6) = -2,Please write a python code that will output the answer to this question: Solve the equation. x -(-6) = -2 Only write python code. Store the output in variable Ans in your python code.,"x = 4
Ans = x",4,0,,
106,2,Solve the equation. -3x + 7 = 1,Please write a python code that will output the answer to this question: Solve the equation. -3x + 7 = 1 Only write python code. Store the output in variable Ans in your python code.,"def solve_equation(a, b, c):
    return (c - b) / a

b = -3
c = 7
Ans = solve_equation(1, b, c)
print(Ans)",10,0,,
107,-3,Solve the equation. 25x + (-11) = -86,Please write a python code that will output the answer to this question: Solve the equation. 25x + (-11) = -86 Only write python code. Store the output in variable Ans in your python code.,"x = (86 + 11) / 25
Ans = x
print(Ans)",3.88,0,,
108,-7,Solve the equation. -5(x-1) = 40,Please write a python code that will output the answer to this question: Solve the equation. -5(x-1) = 40 Only write python code. Store the output in variable Ans in your python code.,"import sympy as sp

x = sp.Symbol('x')
equation = -5 * (x - 1) - 40
solution = sp.solve(equation, x)

Ans = solution[0] if solution else None
print(Ans)",-7,1,,
109,48,"How many different outcomes are in the sample space? (You do not need to write out the actual options, just provide the number and your reasoning.) A baseball team's cap is selected from 3 different colors, 2 different clasps, and 4 different locations for the team logo. A decision is made to include or not to include reflective piping.","Please write a python code that will output the answer to this question: How many different outcomes are in the sample space? (You do not need to write out the actual options, just provide the number and your reasoning.) A baseball team's cap is selected from 3 different colors, 2 different clasps, and 4 different locations for the team logo. A decision is made to include or not to include reflective piping. Only write python code. Store the output in variable Ans in your python code.","```python
import itertools

colors = 3
clasps = 2
logo_locations = 4
with_piping = 2
without_piping = 1

total_outcomes = with_piping * colors * clasps * logo_locations + without_piping * colors * clasps * logo_locations

Ans = total_outcomes
print(Ans)
```

The reasoning behind this code is that there are two choices for the reflective piping (with or without). For each of these choices, there are 3 colors, 2 clasps, and 4 logo locations. So, we calculate the total outcomes by adding the combinations with piping and without piping.",72,0,,
110,64000,"How many different outcomes are in the sample space? (You do not need to write out the actual options, just provide the number and your reasoning.) A locker combination like 7-23-11 uses three numbers, each from 1 to 40. Numbers can be used more than once, like 7-23-7.","Please write a python code that will output the answer to this question: How many different outcomes are in the sample space? (You do not need to write out the actual options, just provide the number and your reasoning.) A locker combination like 7-23-11 uses three numbers, each from 1 to 40. Numbers can be used more than once, like 7-23-7. Only write python code. Store the output in variable Ans in your python code.","Here's the Python code to find the number of different outcomes in the sample space:

```python
import math

Ans = math.pow(40, 3)

print(Ans)
```

Reasoning: Since each number can be chosen from 1 to 40 and can be used more than once, there are 40 choices for each of the three numbers. To find the total number of different outcomes, we multiply the number of choices together (40 * 40 * 40), which results in 40^3.",64000,1,,
111,12.8,The scale of a map says that 8 cm represents 5 km. What distance on the map (in centimeters) represents an actual distance of 8 kilometers? Do not include units (cm) in your response.,Please write a python code that will output the answer to this question: The scale of a map says that 8 cm represents 5 km. What distance on the map (in centimeters) represents an actual distance of 8 kilometers? Do not include units (cm) in your response. Only write python code. Store the output in variable Ans in your python code.,"scale_ratio = 8 / 5
actual_distance = 8
map_distance = actual_distance * scale_ratio
Ans = int(map_distance)",12,0,,
