,Unnamed: 0,index,answer,question,Prompt,Output,Answer,Correct,,,
0,0,0,12,"Quadrilateral A has side lengths 6, 9, 9, and 12. Quadrilateral B is a scaled copy of Quadrilateral A, with its shortest side of length 2. What is the perimeter of Quadrilateral B?","Please answer this question: Quadrilateral A has side lengths 6, 9, 9, and 12. Quadrilateral B is a scaled copy of Quadrilateral A, with its shortest side of length 2. What is the perimeter of Quadrilateral B?","To find the perimeter of Quadrilateral B, we need to scale down the side lengths of Quadrilateral A by the same factor. Since the shortest side of Quadrilateral B is 2, we can divide each side length of Quadrilateral A by 3 to get the scaled side lengths for Quadrilateral B. 

6/3 = 2
9/3 = 3
9/3 = 3
12/3 = 4

So, the side lengths of Quadrilateral B are 2, 3, 3, and 4. The perimeter of Quadrilateral B is the sum of its side lengths: 2 + 3 + 3 + 4 = 12.

The perimeter of Quadrilateral B is 12.",12,TRUE,,,
1,1,1,30,A blueprint for a building includes a rectangular room that measures 3 inches long and 5.5 inches wide. The scale for the blueprint says that 1 inch on the blueprint is equivalent to 10 feet in the actual building. What are the dimensions of this rectangular room in the actual building? What is the length of the building. Do not include units (feet) in your answer.,Please answer this question: A blueprint for a building includes a rectangular room that measures 3 inches long and 5.5 inches wide. The scale for the blueprint says that 1 inch on the blueprint is equivalent to 10 feet in the actual building. What are the dimensions of this rectangular room in the actual building? What is the length of the building. Do not include units (feet) in your answer.,"To find the dimensions of the rectangular room in the actual building, we need to multiply the dimensions on the blueprint by the scale factor. The length of the room is 3 inches, and the scale factor is 10 feet per inch. So, the length of the room in the actual building is 3 inches * 10 feet/inch = 30 feet. The width of the room is 5.5 inches, and the scale factor is 10 feet per inch. So, the width of the room in the actual building is 5.5 inches * 10 feet/inch = 55 feet. The length of the building is equal to the length of the rectangular room, which is 30 feet.",30,TRUE,,72,TRUE
2,2,2,2400,"A local park is in the shape of a square. A map of the local park is made with the scale 1 inch to 200 feet. If the park is shown as a square on the map, each side of which is one foot long, how long is each side of the square park? Do not include units (feet) in your answer.","Please answer this question: A local park is in the shape of a square. A map of the local park is made with the scale 1 inch to 200 feet. If the park is shown as a square on the map, each side of which is one foot long, how long is each side of the square park? Do not include units (feet) in your answer.",200,200,FALSE,,40,FALSE
3,3,3,"21,600",A map of a rectangular park has a length of 4 inches and a width of 6 inches. It uses a scale of 1 inch for every 30 miles. What is the actual area of the park? Do not include units (square miles) in your answer.,Please answer this question: A map of a rectangular park has a length of 4 inches and a width of 6 inches. It uses a scale of 1 inch for every 30 miles. What is the actual area of the park? Do not include units (square miles) in your answer.,"First, we need to find the actual length and width of the park. Since the scale is 1 inch for every 30 miles, we can multiply the length (4 inches) by 30 miles per inch to find the actual length of the park: 4 inches * 30 miles/inch = 120 miles. Similarly, for the width: 6 inches * 30 miles/inch = 180 miles. Now, we can find the actual area of the park by multiplying the actual length and width: 120 miles * 180 miles = 21,600 square miles.",21600,TRUE,,112,
4,4,4,0.8,A store sells rope by the meter. The equation p=0.8L represents the price p (in dollars) of a piece of nylon rope that is L meters long. How much does the nylon rope cost per meter? Do not include units ($) in your answer.,Please answer this question: A store sells rope by the meter. The equation p=0.8L represents the price p (in dollars) of a piece of nylon rope that is L meters long. How much does the nylon rope cost per meter? Do not include units ($) in your answer.,The cost per meter of the nylon rope is 0.8.,0.8,TRUE,,,
5,5,5,20,"To transmit information on the internet, large files are broken into packets of smaller sizes. Each packet has 1,500 bytes of information. An equation relating packets to bytes of information is given by b = 1,500p where p represents the number of packets and b represents the number of bytes of information. How many packets would be needed to transmit 30,000 bytes of information?","Please answer this question: To transmit information on the internet, large files are broken into packets of smaller sizes. Each packet has 1,500 bytes of information. An equation relating packets to bytes of information is given by b = 1,500p where p represents the number of packets and b represents the number of bytes of information. How many packets would be needed to transmit 30,000 bytes of information?","To find the number of packets needed to transmit 30,000 bytes of information, we can use the equation b = 1,500p and solve for p.

30,000 = 1,500p

Divide both sides of the equation by 1,500:

30,000 / 1,500 = p

20 = p

So, 20 packets would be needed to transmit 30,000 bytes of information.",20,TRUE,,,
6,6,6,90,"Han wants to buy a $30 ticket to a game, but the pre-order tickets are sold out. He knows there will be more tickets sold the day of the game, with a markup of 200%. How much should Han expect to pay for the ticket if he buys it the day of the game? Do not include units ($) in your answer.","Please answer this question: Han wants to buy a $30 ticket to a game, but the pre-order tickets are sold out. He knows there will be more tickets sold the day of the game, with a markup of 200%. How much should Han expect to pay for the ticket if he buys it the day of the game? Do not include units ($) in your answer.","The markup of 200% means the price of the ticket will be increased by 200%. To calculate the new price, first find 200% of the original price ($30), which is 2 * $30 = $60. Then add this to the original price to get the new price: $30 + $60 = $90. So Han should expect to pay 90 for the ticket if he buys it the day of the game.",90,TRUE,,,
7,7,7,8,Noah was assigned to make 64 cookies for the bake sale. He made 125% of that number. 90% of the cookies he made were sold. How many of Noah's cookies were left after the bake sale? Do not include units (cookies) in your answer.,Please answer this question: Noah was assigned to make 64 cookies for the bake sale. He made 125% of that number. 90% of the cookies he made were sold. How many of Noah's cookies were left after the bake sale? Do not include units (cookies) in your answer.,"Noah made 125% of 64 cookies, which is 1.25 * 64 = 80 cookies.
90% of the cookies he made were sold, which is 0.9 * 80 = 72 cookies.
Therefore, Noah had 80 - 72 = 8 cookies left after the bake sale.
The answer is: 8",8,TRUE,,,
8,8,8,0.125,"In Canadian coins, 16 quarters is equal in value to 2 toonies. number of quarters number of toonies 1 A 16 2 20 B 24 C What is the value of A?","Please answer this question: In Canadian coins, 16 quarters is equal in value to 2 toonies. number of quarters number of toonies 1 A 16 2 20 B 24 C What is the value of A?","The value of A is 16 quarters, which is equal to 2 toonies.",2,FALSE,,,
9,9,9,0.45,At the supermarket you can fill your own honey bear container. A customer buys 12 oz of honey for $5.40. How much does honey cost per ounce? Do not include units ($) in your answer.,Please answer this question: At the supermarket you can fill your own honey bear container. A customer buys 12 oz of honey for $5.40. How much does honey cost per ounce? Do not include units ($) in your answer.,0.45,0.45,TRUE,,,
10,10,10,1.82,Lin's bike travels 100 meters when her wheels rotate 55 times. What is the circumference of her wheels? Round your answer to the nearest hundredth place. Do not include units (meters) in your answer.,Please answer this question: Lin's bike travels 100 meters when her wheels rotate 55 times. What is the circumference of her wheels? Round your answer to the nearest hundredth place. Do not include units (meters) in your answer.,"To find the circumference of Lin's wheels, we can divide the distance traveled by the number of rotations. The result is 100 / 55 = 1.8181818181818181. Rounded to the nearest hundredth, the circumference is 1.82.",1.82,TRUE,,,
11,11,11,75,Priya drew a circle whose circumference is 25 cm. Clare drew a circle whose diameter is 3 times the diameter of Priya's circle. What is the circumference of Clare's circle? Use 3.14 for pi. Round to the nearest whole number. Do not include units (cm) in your answer.,Please answer this question: Priya drew a circle whose circumference is 25 cm. Clare drew a circle whose diameter is 3 times the diameter of Priya's circle. What is the circumference of Clare's circle? Use 3.14 for pi. Round to the nearest whole number. Do not include units (cm) in your answer.,"Priya's circle has a circumference of 25 cm. To find the diameter, we can use the formula C = pi * d, where C is the circumference and d is the diameter. Rearranging the formula, we get d = C / pi. So, d = 25 / 3.14 = 7.96. This is the diameter of Priya's circle.

Clare's circle has a diameter that is 3 times the diameter of Priya's circle. So, Clare's diameter is 7.96 * 3 = 23.88. To find the circumference of Clare's circle, we can use the formula C = pi * d. So, C = 3.14 * 23.88 = 74.92. Rounding to the nearest whole number, the circumference of Clare's circle is 75.",75,TRUE,,,
12,12,12,316,The face of a clock has a circumference of 63 in. What is the area of the face of the clock? Round your answer to the nearest whole number. Do not include units (in2) in your answer.,Please answer this question: The face of a clock has a circumference of 63 in. What is the area of the face of the clock? Round your answer to the nearest whole number. Do not include units (in2) in your answer.,The area of the face of the clock is 3960.,3960,FALSE,,,
13,13,13,12.5,A cyclist rode 3.75 miles in 0.3 hours. How fast was she going in miles per hour? Do not include units (miles per hour) in your answer.,Please answer this question: A cyclist rode 3.75 miles in 0.3 hours. How fast was she going in miles per hour? Do not include units (miles per hour) in your answer.,"To find the speed, we need to divide the distance by the time. 3.75 miles / 0.3 hours = 12.5. So the cyclist was going 12.5 miles per hour.",12.5,TRUE,,,
14,14,14,0.99,"Tyler orders a meal that costs $15. If the tax rate is 6.6%, how much will the sales tax be on Tyler's meal? Do not include units ($) in your answer.","Please answer this question: Tyler orders a meal that costs $15. If the tax rate is 6.6%, how much will the sales tax be on Tyler's meal? Do not include units ($) in your answer.",The sales tax on Tyler's meal will be 15 * 0.066 = 0.99.,0.99,TRUE,,,
15,15,15,300,"A bakery used 25% more butter this month than last month. If the bakery used 240 kilograms of butter last month, how much did it use this month? Round your answer to the nearest whole number. Do not include units (kilograms) in your answer.","Please answer this question: A bakery used 25% more butter this month than last month. If the bakery used 240 kilograms of butter last month, how much did it use this month? Round your answer to the nearest whole number. Do not include units (kilograms) in your answer.",320,320,FALSE,,,
16,16,16,1.4,"Last week, the price of oranges at the farmer's market was $1.75 per pound. This week, the price has decreased by 20%. What is the price of oranges this week? Round your answer to the nearest hundredths (second) decimal place. Do not include units ($ per pound) in your answer.","Please answer this question: Last week, the price of oranges at the farmer's market was $1.75 per pound. This week, the price has decreased by 20%. What is the price of oranges this week? Round your answer to the nearest hundredths (second) decimal place. Do not include units ($ per pound) in your answer.",The price of oranges this week is $1.40 per pound.,1.4,TRUE,,,
17,17,17,138,"A pair of designer sneakers was purchased for $120. Since they were purchased, their price has increased by 15%. What is the new price? Do not include units ($) in your answer.","Please answer this question: A pair of designer sneakers was purchased for $120. Since they were purchased, their price has increased by 15%. What is the new price? Do not include units ($) in your answer.",The new price is 138.,138,TRUE,,,
18,18,18,307.5,"Elena's aunt bought her a $150 savings bond when she was born. When Elena is 20 years old, the bond will have earned 105% in interest. How much will the bond be worth when Elena is 20 years old? Do not include units ($) in your answer.","Please answer this question: Elena's aunt bought her a $150 savings bond when she was born. When Elena is 20 years old, the bond will have earned 105% in interest. How much will the bond be worth when Elena is 20 years old? Do not include units ($) in your answer.",The bond will be worth 150 * 1.05 = 157.5 when Elena is 20 years old.,157.5,FALSE,,,
19,19,19,14.69,22% of 65 is 14.3. What is 22.6% of 65? Round your answer to the nearest hundredths (second) decimal place.,Please answer this question: 22% of 65 is 14.3. What is 22.6% of 65? Round your answer to the nearest hundredths (second) decimal place.,"To find 22.6% of 65, we can first convert the percentage to a decimal by dividing by 100: 22.6/100 = 0.226. Then, we multiply this decimal by 65: 0.226 * 65 = 14.61. Rounded to the nearest hundredth, the answer is 14.61.",14.61,FALSE,,,
20,20,20,728,"A bakery used 30% more sugar this month than last month. If the bakery used 560 kilograms of sugar last month, how much did it use this month? Do not include units (kilograms) in your answer.","Please answer this question: A bakery used 30% more sugar this month than last month. If the bakery used 560 kilograms of sugar last month, how much did it use this month? Do not include units (kilograms) in your answer.",560 * 1.30 = 728,728,TRUE,,,
21,21,21,0.95,Find each amount: 3.8% of 25,Please answer this question: Find each amount: 3.8% of 25,"3.8% of 25 is equal to 0.95. You can calculate this by multiplying 25 by 0.038 (since 3.8% is equivalent to 3.8/100 or 0.038 in decimal form). So, 25 * 0.038 = 0.95.",0.95,TRUE,,,
22,22,22,10.8,"On Monday, the high was 60 degrees Fahrenheit. On Tuesday, the high was 18% more. How much did the high increase from Monday to Tuesday? Do not include units (degrees Fahrenheit) in your answer.","Please answer this question: On Monday, the high was 60 degrees Fahrenheit. On Tuesday, the high was 18% more. How much did the high increase from Monday to Tuesday? Do not include units (degrees Fahrenheit) in your answer.",The high increased by 10.8 degrees Fahrenheit.,10.8,TRUE,,,
23,23,23,9802.9,"A car dealership pays $8,350 for a car. They mark up the price by 17.4% to get the retail price. What is the retail price of the car at this dealership? Round your answer to the nearest hundredths place. Do not include units ($) in your answer.","Please answer this question: A car dealership pays $8,350 for a car. They mark up the price by 17.4% to get the retail price. What is the retail price of the car at this dealership? Round your answer to the nearest hundredths place. Do not include units ($) in your answer.","To find the retail price, we need to calculate the markup amount and then add it to the original price. The markup amount is 17.4% of the original price.

Markup amount = (17.4/100) * $8,350 = $1,456.30

Now, add the markup amount to the original price:

Retail price = $8,350 + $1,456.30 = $9,806.30

Rounded to the nearest hundredths place, the retail price is 9806.30.",9806.3,FALSE,,,
24,24,24,7785,"A college student takes out a $7,500 loan from a bank. What will the balance of the loan be after one year (assuming the student has not made any payments yet): If the bank charges 3.8% interest each year? Do not include units ($) in your answer. Round your answer to the nearest hundredth place.","Please answer this question: A college student takes out a $7,500 loan from a bank. What will the balance of the loan be after one year (assuming the student has not made any payments yet): If the bank charges 3.8% interest each year? Do not include units ($) in your answer. Round your answer to the nearest hundredth place.","The balance of the loan after one year can be calculated using the formula for simple interest: I = P * r * t, where I is the interest, P is the principal amount (loan amount), r is the interest rate (in decimal form), and t is the time in years. In this case, P = 7,500, r = 0.038 (3.8% interest rate), and t = 1 year. 

I = 7,500 * 0.038 * 1 = 285

Now, add the interest to the principal amount to find the new loan balance: 7,500 + 285 = 7,785. Rounded to the nearest hundredth place, the balance of the loan after one year is 7,785.00.",7785,TRUE,,,
25,25,25,58.5,"A music store marks up the instruments it sells by 30%. If the store bought a guitar for $45, what will be its store price? Round your answer to the hundredth place. Do not include units ($) in your answer.","Please answer this question: A music store marks up the instruments it sells by 30%. If the store bought a guitar for $45, what will be its store price? Round your answer to the hundredth place. Do not include units ($) in your answer.","The store price of the guitar will be 1.30 times the cost price, which is 1.30 * 45 = 58.50.",58.5,TRUE,,,
26,26,26,"7,458","A watermelon weighs 8,475 grams. A scale measured the weight with an error of 12% under the actual weight. What was the measured weight? Do not include units (grams) in your answer.","Please answer this question: A watermelon weighs 8,475 grams. A scale measured the weight with an error of 12% under the actual weight. What was the measured weight? Do not include units (grams) in your answer.","The measured weight is 7,298.",7298,FALSE,,,
27,27,27,331.5,"Noah's oven thermometer gives a reading that is 2% greater than the actual temperature. If the actual temperature is 325&ordm;F, what will the thermometer reading be? Round your answer to the tenths place. Do not include units (degrees) in your answer.","Please answer this question: Noah's oven thermometer gives a reading that is 2% greater than the actual temperature. If the actual temperature is 325&ordm;F, what will the thermometer reading be? Round your answer to the tenths place. Do not include units (degrees) in your answer.","To find the thermometer reading, we need to calculate 2% of 325 and add it to the actual temperature. 2% of 325 is (2/100) * 325 = 6.5. So, the thermometer reading will be 325 + 6.5 = 331.5. Rounded to the tenths place, the answer is 331.5.",331.5,TRUE,,,
28,28,28,40,"A student estimated that it would take 3 hours to write a book report, but it actually took her 5 hours. What is the percent error for her estimate? Do not include the percent sign (%) in your answer.","Please answer this question: A student estimated that it would take 3 hours to write a book report, but it actually took her 5 hours. What is the percent error for her estimate? Do not include the percent sign (%) in your answer.","The percent error is calculated as (|estimate - actual| / actual) * 100. In this case, it is (|3 - 5| / 5) * 100 = (2 / 5) * 100 = 0.4 * 100 = 40.",40,TRUE,,,
29,29,29,0.19,"A radar gun measured the speed of a baseball at 103 miles per hour. If the baseball was actually going 102.8 miles per hour, what was the percent error in this measurement? Do not include the percent sign (%) in your answer. Round your answer to two decimal places after solving for the percent.","Please answer this question: A radar gun measured the speed of a baseball at 103 miles per hour. If the baseball was actually going 102.8 miles per hour, what was the percent error in this measurement? Do not include the percent sign (%) in your answer. Round your answer to two decimal places after solving for the percent.","To find the percent error, you can use the formula:

Percent Error = |Actual - Measured|/Actual * 100

In this case, the actual speed is 102.8 miles per hour, and the measured speed is 103 miles per hour. Plugging these values into the formula, we get:

Percent Error = |102.8 - 103|/102.8 * 100

Percent Error = |-0.2|/102.8 * 100

Percent Error = 0.001942368421052632 * 100

Percent Error = 0.19

Rounded to two decimal places, the answer is 0.19.",0.19,TRUE,,,
30,30,30,255,"A submarine is searching for underwater features. It is accompanied by a small aircraft and an underwater robotic vehicle. At one time the aircraft is 200 m above the surface, the submarine is 55 m below the surface, and the underwater robotic vehicle is 227 m below the surface. What is the difference in height between the submarine and the aircraft? Do not include units (m) in your answer.","Please answer this question: A submarine is searching for underwater features. It is accompanied by a small aircraft and an underwater robotic vehicle. At one time the aircraft is 200 m above the surface, the submarine is 55 m below the surface, and the underwater robotic vehicle is 227 m below the surface. What is the difference in height between the submarine and the aircraft? Do not include units (m) in your answer.",The difference in height between the submarine and the aircraft is 155.,155,FALSE,,,
31,31,31,-2.55,Some boats were traveling up and down a river. A satellite recorded the movements of several boats. A motor boat traveled -3.4 miles per hour for 0.75 hours. How far did it go? Do not include units (miles) in your answer.,Please answer this question: Some boats were traveling up and down a river. A satellite recorded the movements of several boats. A motor boat traveled -3.4 miles per hour for 0.75 hours. How far did it go? Do not include units (miles) in your answer.,The motor boat traveled 2.55 miles.,2.55,FALSE,,,
32,32,32,-280,A submarine is only allowed to change its depth by rising toward the surface in 60-meter stages. It starts off at -340 meters. At what depth is it after 1 stage Do not include units (m) in your answer.,Please answer this question: A submarine is only allowed to change its depth by rising toward the surface in 60-meter stages. It starts off at -340 meters. At what depth is it after 1 stage Do not include units (m) in your answer.,"After 1 stage, the submarine is at -280 meters.",-280,TRUE,,,
33,33,33,11,A coffee maker's directions say to use 2 tablespoons of ground coffee for every 6 ounces of water. How much coffee should you use for 33 ounces of water? Do not include units (tablespoons) in your answer.,Please answer this question: A coffee maker's directions say to use 2 tablespoons of ground coffee for every 6 ounces of water. How much coffee should you use for 33 ounces of water? Do not include units (tablespoons) in your answer.,"To find out how much coffee to use for 33 ounces of water, we can set up a proportion: 

2 tablespoons / 6 ounces = x tablespoons / 33 ounces 

To solve for x, cross-multiply: 

2 * 33 = 6 * x 

66 = 6x 

Now, divide both sides by 6: 

x = 11",11,TRUE,,,
34,34,34,12,"A bank charges a service fee of $7.50 per month for a checking account. A bank account has $85.00. If no money is deposited or withdrawn except the service charge, how many months until the account balance is negative? Do not include units (months) in your answer.","Please answer this question: A bank charges a service fee of $7.50 per month for a checking account. A bank account has $85.00. If no money is deposited or withdrawn except the service charge, how many months until the account balance is negative? Do not include units (months) in your answer.","To find out how many months until the account balance is negative, we can set up an equation:

85 - 7.5 * x = 0

where x is the number of months. We can solve for x by isolating it:

x = (85 - 0) / 7.5
x â‰ˆ 11.33

Since we cannot have a fraction of a month, we round up to the nearest whole month:

x = 12 months

The account balance will be negative after 12 months.",12,TRUE,,,
35,35,35,300,"A large aquarium of water is being filled with a hose. Due to a problem, the sensor does not start working until some time into the filling process. The sensor starts its recording at the time zero minutes. The sensor initially detects the tank has 225 liters of water in it. The hose fills the aquarium at a constant rate of 15 liters per minute. What will the sensor read at the time of 5 minutes? Do not include units (liters) in your answer.","Please answer this question: A large aquarium of water is being filled with a hose. Due to a problem, the sensor does not start working until some time into the filling process. The sensor starts its recording at the time zero minutes. The sensor initially detects the tank has 225 liters of water in it. The hose fills the aquarium at a constant rate of 15 liters per minute. What will the sensor read at the time of 5 minutes? Do not include units (liters) in your answer.","The sensor initially detects 225 liters of water. At the time of 5 minutes, the hose will have added 5 * 15 = 75 liters of water to the aquarium. So, the sensor will read 225 + 75 = 300 liters at the time of 5 minutes.",300,TRUE,,,
36,36,36,24.15,A restaurant bill is $21. You leave a 15% tip. How much do you pay including the tip? Do not include units ($) in your answer.,Please answer this question: A restaurant bill is $21. You leave a 15% tip. How much do you pay including the tip? Do not include units ($) in your answer.,"To calculate the tip amount, multiply the bill by the tip percentage: 21 * 0.15 = 3.15. To find the total amount paid, add the tip to the bill: 21 + 3.15 = 24.15. The total amount paid, including the tip, is 24.15.",24.15,TRUE,,,
37,37,37,28,Andre wants to buy a backpack. The normal price of the backpack is $40. He notices that a store that sells the backpack is having a 30% off sale. What is the sale price of the backpack? Do not include units ($) in your answer,Please answer this question: Andre wants to buy a backpack. The normal price of the backpack is $40. He notices that a store that sells the backpack is having a 30% off sale. What is the sale price of the backpack? Do not include units ($) in your answer,"To calculate the sale price of the backpack, first find 30% of the normal price ($40) by multiplying 40 by 0.3, which equals 12. Then, subtract this amount from the normal price: 40 - 12 = 28. The sale price of the backpack is 28.",28,TRUE,,,
38,38,38,25,"On the first math exam, 16 students received an A grade. On the second math exam, 12 students received an A grade. What percentage decrease is that? Do not include the percent sign (%) in your answer. ","Please answer this question: On the first math exam, 16 students received an A grade. On the second math exam, 12 students received an A grade. What percentage decrease is that? Do not include the percent sign (%) in your answer. ","To calculate the percentage decrease, first find the difference in the number of A grades received between the two exams: 16 - 12 = 4. Next, divide the difference by the original number of A grades on the first exam: 4 / 16 = 0.25. Finally, multiply the result by 100 to convert it to a percentage: 0.25 * 100 = 25. So, there is a 25 decrease in the number of A grades.",25,TRUE,,,
39,39,39,-10,Find the value of each variable. a*3 = -30 a = _____,Please answer this question: Find the value of each variable. a*3 = -30 a = _____,"To find the value of 'a', divide both sides of the equation by 3:

a = -30 / 3

a = -10",-10,TRUE,,,
40,40,40,58,The baby giraffe weighed 132 pounds at birth. He gained weight at a steady rate for the first 7 months until his weight reached 538 pounds. How much did he gain each month? Do not include units (pounds) in your answer.,Please answer this question: The baby giraffe weighed 132 pounds at birth. He gained weight at a steady rate for the first 7 months until his weight reached 538 pounds. How much did he gain each month? Do not include units (pounds) in your answer.,"To find out how much the baby giraffe gained each month, we need to calculate the difference in weight between the start and end points, then divide that by the number of months.

Difference in weight = 538 pounds - 132 pounds = 406 pounds

Number of months = 7

Gain per month = 406 pounds / 7 months = 58 pounds

The baby giraffe gained 58 pounds each month.",58,TRUE,,,
41,41,41,"8,953.50","In 2012, James Cameron descended to the bottom of Challenger Deep in the Marianas Trench; the deepest point in the ocean. The vessel he rode in was called DeepSea Challenger. Challenger Deep is 35,814 feet deep at its lowest point. DeepSea Challenger's descent was a change in depth of (-4) feet per second. We can use the equation y=-4x to model this relationship, where y is the depth and xis the time in seconds that have passed. How many seconds does this model suggest it would take for DeepSea Challenger to reach the bottom? Do not include units (seconds) in your answer.","Please answer this question: In 2012, James Cameron descended to the bottom of Challenger Deep in the Marianas Trench; the deepest point in the ocean. The vessel he rode in was called DeepSea Challenger. Challenger Deep is 35,814 feet deep at its lowest point. DeepSea Challenger's descent was a change in depth of (-4) feet per second. We can use the equation y=-4x to model this relationship, where y is the depth and xis the time in seconds that have passed. How many seconds does this model suggest it would take for DeepSea Challenger to reach the bottom? Do not include units (seconds) in your answer.","To find the time it takes for DeepSea Challenger to reach the bottom, we can set y to be equal to the depth of Challenger Deep, which is 35,814 feet. We can then plug this value into the equation and solve for x:

35,814 = -4x

To isolate x, we can divide both sides of the equation by -4:

x = 35,814 / -4

x = -8,953.5

Since time cannot be negative, we take the absolute value of x:

x = 8,953.5 seconds

So, the model suggests it would take approximately 8,953.5 seconds for DeepSea Challenger to reach the bottom.",8953.5,TRUE,,,
42,42,42,5.5,"Starting at noon, the temperature dropped steadily at a rate of 0.8 degrees Celsius every hour. How many hours did it take for the temperature to decrease by 4.4 degrees Celsius? Do not include units (hours) in your answer.","Please answer this question: Starting at noon, the temperature dropped steadily at a rate of 0.8 degrees Celsius every hour. How many hours did it take for the temperature to decrease by 4.4 degrees Celsius? Do not include units (hours) in your answer.","To find the number of hours it took for the temperature to decrease by 4.4 degrees Celsius, divide 4.4 by 0.8. The result is 5.5.",5.5,TRUE,,,
43,43,43,16,A backpack normally costs $25 but it is on sale for $21. What percentage is the discount? Do not include the percent sign (%) in your answer.,Please answer this question: A backpack normally costs $25 but it is on sale for $21. What percentage is the discount? Do not include the percent sign (%) in your answer.,7,7,FALSE,,,
44,44,44,7,"One year ago, Clare was 4 feet 6 inches tall. Now Clare is 4 feet 10 inches tall. By what percentage did Clare's height increase in the last year? Round your answer to the nearest whole number. Do not include the percent sign (%) in your answer. ","Please answer this question: One year ago, Clare was 4 feet 6 inches tall. Now Clare is 4 feet 10 inches tall. By what percentage did Clare's height increase in the last year? Round your answer to the nearest whole number. Do not include the percent sign (%) in your answer. ","To find the percentage increase, first find the difference in height, then divide by the original height, and multiply by 100. The difference in height is 4 inches. One year ago, Clare was 4 feet 6 inches tall, which is 4 * 12 + 6 = 54 inches. Now Clare is 4 feet 10 inches tall, which is 4 * 12 + 10 = 58 inches. So Clare's height increased by 58 - 54 = 4 inches. To find the percentage increase, divide 4 by 54 and multiply by 100: (4/54) * 100 = 7.41. Rounding to the nearest whole number, the percentage increase in Clare's height is 7.",7,TRUE,,,
45,45,45,8,Lin's puppy is gaining weight at a rate of 0.125 pounds per day. Describe the weight gain in days per pound. Do not include units (days) in your answer.,Please answer this question: Lin's puppy is gaining weight at a rate of 0.125 pounds per day. Describe the weight gain in days per pound. Do not include units (days) in your answer.,"To describe the weight gain in days per pound, divide 1 pound by 0.125 pounds per day. The answer is 8 days per pound.",8,TRUE,,,
46,46,46,8.8,The price of a pair of earrings is $22 but Priya buys them on sale for $13.20. By how much was the price discounted? Do not include units ($) in your answer.,Please answer this question: The price of a pair of earrings is $22 but Priya buys them on sale for $13.20. By how much was the price discounted? Do not include units ($) in your answer.,The price was discounted by 40.,40,FALSE,,,
47,47,47,13.52,At a skateboard shop the price tag on a shirt says $12.58. Sales tax is 7.5% of the price. How much will you pay for the shirt? Do not include units ($) in your answer.,Please answer this question: At a skateboard shop the price tag on a shirt says $12.58. Sales tax is 7.5% of the price. How much will you pay for the shirt? Do not include units ($) in your answer.,"To calculate the total cost, first find the sales tax by multiplying the price by the tax rate: $12.58 * 7.5% = $0.945. Then add the sales tax to the original price: $12.58 + $0.945 = $13.525. The total cost will be 13.525.",13.52,TRUE,,,
48,48,48,446,"A passenger on a ship dropped his camera into the ocean. If it is descending at a rate of -4.2 meters per second, how long (in seconds) until it hits the bottom of the ocean, which is at -1875 meters? Round to the nearest second. Do not include units (seconds) in your answer.","Please answer this question: A passenger on a ship dropped his camera into the ocean. If it is descending at a rate of -4.2 meters per second, how long (in seconds) until it hits the bottom of the ocean, which is at -1875 meters? Round to the nearest second. Do not include units (seconds) in your answer.","To find the time it takes for the camera to hit the bottom of the ocean, we can use the formula:

time = (change in distance) / (rate of descent)

In this case, the change in distance is 1875 meters (from the surface to the bottom of the ocean) and the rate of descent is -4.2 meters per second. Plugging these values into the formula, we get:

time = (1875) / (-4.2) = -444.44 seconds

Since we are asked to round to the nearest second, the answer is -444.",-444,FALSE,,,
49,49,49,1,"A triangle has sides of length 7 cm, 4 cm, and 5 cm. How many unique triangles can be drawn that fit that description? Do not include units (unique triangles) using the tools below.","Please answer this question: A triangle has sides of length 7 cm, 4 cm, and 5 cm. How many unique triangles can be drawn that fit that description? Do not include units (unique triangles) using the tools below.","There is only one unique triangle that can be drawn with sides of length 7 cm, 4 cm, and 5 cm, as the order of the side lengths does not change the shape of the triangle.",1,TRUE,,,
50,50,50,318,"If you deposit $300 in an account with a 6% interest rate, how much will be in your account after 1 year? Do not include units (dollars) in your answer. ","Please answer this question: If you deposit $300 in an account with a 6% interest rate, how much will be in your account after 1 year? Do not include units (dollars) in your answer. ","The amount in your account after 1 year can be calculated using the formula: A = P(1 + r)^t, where A is the amount, P is the principal, r is the interest rate, and t is the time in years. In this case, P = 300, r = 0.06, and t = 1. Plugging these values into the formula, we get: A = 300(1 + 0.06)^1 = 300(1.06) = 318. So, after 1 year, there will be $318 in your account.",318,TRUE,,,
51,51,51,60,Two angles are supplementary. One has a measure that is twice as large as the other. Find the two angle measures. What is the measure of the smaller angle? Do not include units (degrees) in your answer.,Please answer this question: Two angles are supplementary. One has a measure that is twice as large as the other. Find the two angle measures. What is the measure of the smaller angle? Do not include units (degrees) in your answer.,"Let the smaller angle be x. The larger angle is 2x. The sum of supplementary angles is 180, so x + 2x = 180. Solving for x, we get x = 60. The smaller angle is 60 degrees.",60,TRUE,,,
52,52,52,5,"Priya's cat is pregnant with a litter of 5 kittens. Each kitten has a 30% chance of being chocolate brown. Priya wants to know the probability that at least two of the kittens will be chocolate brown. To simulate this, Priya put 3 white cubes and 7 green cubes in a bag. (This means that the white cubes represent the chances of a brown cat.) For each trial, Priya pulled out and returned a cube 5 times. Priya conducted 12 trials. Here is a table with the results. trial number outcome 1 ggggg 2 gggwg 3 wgwgw 4 gwggg 5 gggwg 6 wwggg 7 gwggg 8 ggwgw 9 wwwgg 10 ggggw 11 wggwg 12 gggwg How many successful trials were there?","Please answer this question: Priya's cat is pregnant with a litter of 5 kittens. Each kitten has a 30% chance of being chocolate brown. Priya wants to know the probability that at least two of the kittens will be chocolate brown. To simulate this, Priya put 3 white cubes and 7 green cubes in a bag. (This means that the white cubes represent the chances of a brown cat.) For each trial, Priya pulled out and returned a cube 5 times. Priya conducted 12 trials. Here is a table with the results. trial number outcome 1 ggggg 2 gggwg 3 wgwgw 4 gwggg 5 gggwg 6 wwggg 7 gwggg 8 ggwgw 9 wwwgg 10 ggggw 11 wggwg 12 gggwg How many successful trials were there?","A successful trial is when at least two of the kittens are chocolate brown. In the given table, we can see that there are 7 successful trials (trials 1, 2, 4, 5, 7, 8, and 12).",7,FALSE,,,
53,53,53,30,"A factory produces 3 bottles of sparkling water for every 7 bottles of plain water. If those are the only two products they produce, what percentage of their production is sparkling water? Do not include the percent sign (%) in your answer.","Please answer this question: A factory produces 3 bottles of sparkling water for every 7 bottles of plain water. If those are the only two products they produce, what percentage of their production is sparkling water? Do not include the percent sign (%) in your answer.",60,60,FALSE,,,
54,54,54,30,Angle H is half as large as angle J. Angle J is one fourth as large as angle K. Angle K has a measure of 240 degrees. What is the measure of angle H? Do not include units (&deg;) in your answer.,Please answer this question: Angle H is half as large as angle J. Angle J is one fourth as large as angle K. Angle K has a measure of 240 degrees. What is the measure of angle H? Do not include units (&deg;) in your answer.,60,60,FALSE,,,
55,55,55,14.4,"Today, everything at a store is on sale. The store offers a 20% discount. The regular price of a T-shirt is $18. What is the discount price? Do not include units ($) in your answer.","Please answer this question: Today, everything at a store is on sale. The store offers a 20% discount. The regular price of a T-shirt is $18. What is the discount price? Do not include units ($) in your answer.",9,9,FALSE,,,
56,56,56,18.19,"Lin's father is paying for a $20 meal. He has a 15%-off coupon for the meal. After the discount, a 7% sales tax is applied. What does Lin's father pay for the meal? Do not include units ($) in your answer.","Please answer this question: Lin's father is paying for a $20 meal. He has a 15%-off coupon for the meal. After the discount, a 7% sales tax is applied. What does Lin's father pay for the meal? Do not include units ($) in your answer.","First, we need to calculate the discount amount by multiplying the meal price by the discount percentage: 20 * 0.15 = 3. Then, we subtract the discount amount from the original meal price: 20 - 3 = 17. Next, we calculate the sales tax amount by multiplying the discounted meal price by the tax percentage: 17 * 0.07 = 1.2. Finally, we add the sales tax amount to the discounted meal price: 17 + 1.2 = 18.2.",18.2,FALSE,,,
57,57,57,2.7,A bookstore has marked down the price for all the books in a certain series by 15%. How much is the discount on a book that normally costs $18.00? Do not include units ($) in your answer.,Please answer this question: A bookstore has marked down the price for all the books in a certain series by 15%. How much is the discount on a book that normally costs $18.00? Do not include units ($) in your answer.,The discount on a book that normally costs $18.00 is 0.15 * 18 = 2.7.,2.7,TRUE,,,
58,58,58,25,"Andre received and spent money in the following ways last month. For each example, write a positive or negative number to represent the change in money from his perspective. His uncle gave him $25 as a present.","Please answer this question: Andre received and spent money in the following ways last month. For each example, write a positive or negative number to represent the change in money from his perspective. His uncle gave him $25 as a present.",+25 (Andre received $25 from his uncle),25,TRUE,,,
59,59,59,1148,"A video game developer wants to know how long it takes people to finish playing their new game. They surveyed a random sample of 13 players and asked how long it took them (in minutes). 1,235 952 457 1,486 1,759 1,148 548 1,037 1,864 1,245 976 866 1,431 Based on the sample, what is the median time it will take all players to finish this game? Do not include units (minutes) in your answer.","Please answer this question: A video game developer wants to know how long it takes people to finish playing their new game. They surveyed a random sample of 13 players and asked how long it took them (in minutes). 1,235 952 457 1,486 1,759 1,148 548 1,037 1,864 1,245 976 866 1,431 Based on the sample, what is the median time it will take all players to finish this game? Do not include units (minutes) in your answer.","To find the median, first, we need to arrange the data in ascending order:

457, 548, 866, 952, 976, 1,037, 1,145, 1,235, 1,431, 1,486, 1,759, 1,864, 1,864

Since there are 13 data points (an odd number), the median will be the middle value, which is the 7th value in this case:

1,037

So, the median time it will take all players to finish this game is 1,037.",1037,FALSE,,,
60,60,60,6,"Ten students each attempted 10 free throws. This list shows how many free throws each student made. 8, 5, 6, 6, 4, 9, 7, 6, 5, 9 What is the median number of free throws made? Do not include units (free throws) in your answer.","Please answer this question: Ten students each attempted 10 free throws. This list shows how many free throws each student made. 8, 5, 6, 6, 4, 9, 7, 6, 5, 9 What is the median number of free throws made? Do not include units (free throws) in your answer.","To find the median, first arrange the numbers in ascending order: 4, 5, 5, 6, 6, 6, 7, 8, 9, 9. Since there are 10 numbers, the median is the 5th number in the ordered list, which is 6. So the median number of free throws made is 6.",6,TRUE,,,
61,61,61,8.975,"A farmer grows 5,000 pumpkins each year. The pumpkins are priced according to their weight, so the farmer would like to estimate the mean weight of the pumpkins he grew this year. He randomly selects 8 pumpkins and weighs them. Here are the weights (in pounds) of these pumpkins: 2.9 6.8 7.3 7.7 8.9 10.6 12.3 15.3 Estimate the mean weight of the pumpkins the farmer grew. Do not include units (pounds) in your answer.","Please answer this question: A farmer grows 5,000 pumpkins each year. The pumpkins are priced according to their weight, so the farmer would like to estimate the mean weight of the pumpkins he grew this year. He randomly selects 8 pumpkins and weighs them. Here are the weights (in pounds) of these pumpkins: 2.9 6.8 7.3 7.7 8.9 10.6 12.3 15.3 Estimate the mean weight of the pumpkins the farmer grew. Do not include units (pounds) in your answer.","To estimate the mean weight of the pumpkins, we need to add up the weights of the 8 pumpkins and then divide by the number of pumpkins (8). 

Here's the calculation: (2.9 + 6.8 + 7.3 + 7.7 + 8.9 + 10.6 + 12.3 + 15.3) / 8

The sum of the weights is 71.8 pounds. Now, we'll divide this by 8 to get the mean weight:

71.8 / 8 = 8.975

So, the estimated mean weight of the pumpkins the farmer grew is 8.975 pounds.",8.975,TRUE,,,
62,62,62,6.1,"Here are the ages (in years) of a random sample of 10 viewers for 3 different television shows. The shows are titled, ""Science Experiments YOU Can Do,"" ""Learning to Read,"" and ""Trivia the Game Show."" Sample 1 6 6 5 4 8 5 7 8 6 6 Sample 2 15 14 12 13 12 10 12 11 10 8 Sample 3 43 60 50 36 58 50 73 59 69 51 Calculate the mean for sample 1. Do not include units (years) in your answer.","Please answer this question: Here are the ages (in years) of a random sample of 10 viewers for 3 different television shows. The shows are titled, ""Science Experiments YOU Can Do,"" ""Learning to Read,"" and ""Trivia the Game Show."" Sample 1 6 6 5 4 8 5 7 8 6 6 Sample 2 15 14 12 13 12 10 12 11 10 8 Sample 3 43 60 50 36 58 50 73 59 69 51 Calculate the mean for sample 1. Do not include units (years) in your answer.","To calculate the mean for sample 1, you add up all the ages and then divide by the number of viewers. 

6 + 6 + 5 + 4 + 8 + 5 + 7 + 8 + 6 + 6 = 56

Now, divide the total by the number of viewers (10):

56 / 10 = 5.6

So, the mean age for sample 1 is 5.6.",5.6,FALSE,,,
63,63,63,10,Your teacher will give you a figure with measurements in centimeters. What is the area of your figure? Do not include units in your answer.,Please answer this question: Your teacher will give you a figure with measurements in centimeters. What is the area of your figure? Do not include units in your answer.,"To calculate the area of a figure, I would need more information about the shape and its dimensions. Could you please provide the type of figure and its measurements in centimeters?",,FALSE,,,
64,64,64,350,"Your teacher will give you a drawing of the Apollo Lunar Module. It is drawn at a scale of 1 to 50. The ""legs"" of the spacecraft are its landing gear. Measure the legs on the drawing to find the actual length of each leg on the sides. After measuring and solving for the actual length, write your answer to the nearest 10 centimeters. Do not include units (centimeters) in your answer.","Please answer this question: Your teacher will give you a drawing of the Apollo Lunar Module. It is drawn at a scale of 1 to 50. The ""legs"" of the spacecraft are its landing gear. Measure the legs on the drawing to find the actual length of each leg on the sides. After measuring and solving for the actual length, write your answer to the nearest 10 centimeters. Do not include units (centimeters) in your answer.","To solve this problem, we need more information about the dimensions of the drawing and the length of the legs on the drawing. Please provide those details.",,FALSE,,,
65,65,65,150,"Aluminum cans can be recycled instead of being thrown in the garbage. The weight of 10 aluminum cans is 0.16 kilograms. The aluminum in 10 cans that are recycled has a value of $0.14. If a family threw away 2.4 kg of aluminum in a month, how many cans did they throw away? Do not include units (cans) in your answer.","Please answer this question: Aluminum cans can be recycled instead of being thrown in the garbage. The weight of 10 aluminum cans is 0.16 kilograms. The aluminum in 10 cans that are recycled has a value of $0.14. If a family threw away 2.4 kg of aluminum in a month, how many cans did they throw away? Do not include units (cans) in your answer.","To find the number of cans, we can use the following steps: 1. Find the number of cans in 2.4 kg by dividing the weight by the weight of 10 cans (0.16 kg): 2.4 kg / 0.16 kg = 15 cans. 2. Divide the number of cans by 10 to find the number of cans: 15 cans / 10 cans = 1.5. The family threw away 1.5 cans of aluminum in a month.",1.5,FALSE,,,
66,66,66,165,"Andre drew a plan of a courtyard at a scale of 1 to 60. On his drawing, one side of the courtyard is 2.75 inches. What is the actual measurement of that side of the courtyard? Express your answer in inches. Do not include units (inches) in your answer.","Please answer this question: Andre drew a plan of a courtyard at a scale of 1 to 60. On his drawing, one side of the courtyard is 2.75 inches. What is the actual measurement of that side of the courtyard? Express your answer in inches. Do not include units (inches) in your answer.",2.75 / 60 = 0.0458333333,0.045,FALSE,,,
67,67,67,5,"When you mix two colors of paint in equivalent ratios, the resulting color is always the same. cups of blue paint cups of yellow paint 2 10 1 How many cups of yellow paint should you mix with 1 cup of blue paint to make the same shade of green? Do not include units (cups) in your answer.","Please answer this question: When you mix two colors of paint in equivalent ratios, the resulting color is always the same. cups of blue paint cups of yellow paint 2 10 1 How many cups of yellow paint should you mix with 1 cup of blue paint to make the same shade of green? Do not include units (cups) in your answer.",10,10,FALSE,,,
68,68,68,700,"Based on her recipe, Elena knows that 5 servings of granola have 1,750 calories. If she eats 2 servings of granola, how many calories does she eat? Do not include units (calories) in your answer.","Please answer this question: Based on her recipe, Elena knows that 5 servings of granola have 1,750 calories. If she eats 2 servings of granola, how many calories does she eat? Do not include units (calories) in your answer.",350,350,FALSE,,,
69,69,69,0.25,Elena went to a store where you can scoop your own popcorn and buy as much as you want. She bought 10 ounces of spicy popcorn for $2.50. How much does popcorn cost per ounce? Do not include units ($) in your answer.,Please answer this question: Elena went to a store where you can scoop your own popcorn and buy as much as you want. She bought 10 ounces of spicy popcorn for $2.50. How much does popcorn cost per ounce? Do not include units ($) in your answer.,0.25,0.25,TRUE,,,
70,70,70,45,"The number of fish in a lake decreased by 25% between last year and this year. Last year there were 60 fish in the lake. What is the population this year? If you get stuck, consider drawing a diagram.","Please answer this question: The number of fish in a lake decreased by 25% between last year and this year. Last year there were 60 fish in the lake. What is the population this year? If you get stuck, consider drawing a diagram.","To find the population this year, we can first calculate 25% of 60 fish, which is 0.25 * 60 = 15 fish. Then, we can subtract this number from the population last year to find the population this year: 60 - 15 = 45 fish. So, the population this year is 45 fish.",45,TRUE,,,
71,71,71,66.25,"A company claims that their new bottle holds 25% more laundry soap. If their original container held 53 fluid ounces of soap, how much does the new container hold? Do not include units (oz) in your answer.","Please answer this question: A company claims that their new bottle holds 25% more laundry soap. If their original container held 53 fluid ounces of soap, how much does the new container hold? Do not include units (oz) in your answer.",66,66,FALSE,,,
72,72,72,5.61,"At a dinner, the meal cost $22 and a sales tax of $1.87 was added to the bill. How much would the sales tax be on a $66 meal? Do not include units ($) in your answer.","Please answer this question: At a dinner, the meal cost $22 and a sales tax of $1.87 was added to the bill. How much would the sales tax be on a $66 meal? Do not include units ($) in your answer.",10.94,10.94,FALSE,,,
73,73,73,4,"To be labeled as a jumbo egg, the egg is supposed to weigh 2.5 oz. Priya buys a carton of jumbo eggs and measures one of the eggs as 2.4 oz. What is the percent error? Do not include the percent sign (%) in your answer.","Please answer this question: To be labeled as a jumbo egg, the egg is supposed to weigh 2.5 oz. Priya buys a carton of jumbo eggs and measures one of the eggs as 2.4 oz. What is the percent error? Do not include the percent sign (%) in your answer.","To calculate the percent error, first find the difference between the actual weight (2.5 oz) and the measured weight (2.4 oz), which is 0.1 oz. Then, divide the difference by the actual weight (2.5 oz) and multiply by 100. The result is 4.",4,TRUE,,,
74,74,74,-14.57,"Lin's sister has a checking account. If the account balance ever falls below zero, the bank charges her a fee of $5.95 per day. Today, the balance in Lin's sister's account is -$2.67. If she does not make any deposits or withdrawals, what will be the balance in her account after 2 days? Do not include units ($) in your answer.","Please answer this question: Lin's sister has a checking account. If the account balance ever falls below zero, the bank charges her a fee of $5.95 per day. Today, the balance in Lin's sister's account is -$2.67. If she does not make any deposits or withdrawals, what will be the balance in her account after 2 days? Do not include units ($) in your answer.","After the first day, the balance will be -$2.67 + $5.95 = $2.28. After the second day, the balance will be $2.28 + $5.95 = $8.23. So, the balance in her account after 2 days will be 8.23.",8.23,FALSE,,,
75,75,75,14,"Diego scored 9 points less than Andre in the basketball game. Noah scored twice as many points as Diego. If Noah scored 10 points, how many points did Andre score?","Please answer this question: Diego scored 9 points less than Andre in the basketball game. Noah scored twice as many points as Diego. If Noah scored 10 points, how many points did Andre score?","If Noah scored twice as many points as Diego, and Noah scored 10 points, then Diego scored 10/2 = 5 points.
Since Diego scored 9 points less than Andre, Andre scored 5 + 9 = 14 points.
#### 14
The answer is: 14",14,TRUE,,,
76,76,76,0.7,A chemical engineer is trying to increase the amount of the useful product in a reaction. She performs the reaction with her new equipment 10 times and gets the following amounts of the useful product: 47.1 48.2 48.3 47.5 48.5 48.1 47.2 48.2 48.4 48.3 What proportion of the reactions were above the 48 grams threshold?,Please answer this question: A chemical engineer is trying to increase the amount of the useful product in a reaction. She performs the reaction with her new equipment 10 times and gets the following amounts of the useful product: 47.1 48.2 48.3 47.5 48.5 48.1 47.2 48.2 48.4 48.3 What proportion of the reactions were above the 48 grams threshold?,"To find the proportion of reactions above the 48 grams threshold, we need to count the number of reactions that produced more than 48 grams of the useful product and divide that by the total number of reactions.

From the given data, the reactions that produced more than 48 grams of the useful product are: 48.2, 48.3, 48.5, 48.2, 48.4, and 48.3.

There are a total of 6 reactions above the 48 grams threshold.

Now, we divide the number of reactions above the threshold (6) by the total number of reactions (10):

Proportion = 6/10 = 0.6

So, 0.6 or 60% of the reactions were above the 48 grams threshold.",0.6,FALSE,,,
77,77,77,"3,900","The circumference of a car wheel is about 65 inches. If the car wheel rotates once per second, how far does the car travel in one minute? Do not include units (inches) in your answer.","Please answer this question: The circumference of a car wheel is about 65 inches. If the car wheel rotates once per second, how far does the car travel in one minute? Do not include units (inches) in your answer.",The car travels 390 feet in one minute.,390,FALSE,,,
78,78,78,616,Elena wants to tile the top of a circular table. The diameter of the table top is 28 inches. What is its area? Do not include units (square inches) in your answer. Round your answer to the nearest whole number.,Please answer this question: Elena wants to tile the top of a circular table. The diameter of the table top is 28 inches. What is its area? Do not include units (square inches) in your answer. Round your answer to the nearest whole number.,"To find the area of a circle, we use the formula A = Ï€ * r^2, where A is the area, Ï€ is approximately 3.14, and r is the radius of the circle. The radius is half the diameter, so in this case, r = 28/2 = 14 inches. Plugging this into the formula, we get A = 3.14 * 14^2 = 3.14 * 196 = 615.76 square inches. Rounding to the nearest whole number, the area is 616.",616,TRUE,,,
79,79,79,91.2,"Tyler swims at a constant speed, 5 meters every 4 seconds. How long does it take him to swim 114 meters? distance (meters) time (seconds) 5 4 114 Do not include units (seconds) in your answer.","Please answer this question: Tyler swims at a constant speed, 5 meters every 4 seconds. How long does it take him to swim 114 meters? distance (meters) time (seconds) 5 4 114 Do not include units (seconds) in your answer.","To find the time it takes Tyler to swim 114 meters, we can set up a proportion using the given information:

5 meters / 4 seconds = 114 meters / x seconds

Now, we can cross-multiply and solve for x:

5x = 4 * 114
5x = 456
x = 456 / 5
x = 91.2

It takes Tyler 91.2 seconds to swim 114 meters.",91.2,TRUE,,,
80,80,80,198,"Green sea turtles live most of their lives in the ocean, but come ashore to lay their eggs. Some beaches where turtles often come ashore have been made into protected sanctuaries so the eggs will not be disturbed. One sanctuary had 180 green sea turtles come ashore to lay eggs last year. This year, the number of turtles increased by 10%. How many turtles came ashore to lay eggs in the sanctuary this year? Do not include units (turtles) in your answer","Please answer this question: Green sea turtles live most of their lives in the ocean, but come ashore to lay their eggs. Some beaches where turtles often come ashore have been made into protected sanctuaries so the eggs will not be disturbed. One sanctuary had 180 green sea turtles come ashore to lay eggs last year. This year, the number of turtles increased by 10%. How many turtles came ashore to lay eggs in the sanctuary this year? Do not include units (turtles) in your answer",The number of turtles that came ashore to lay eggs in the sanctuary this year is 198.,198,TRUE,,,
81,81,81,106,"Money in a particular savings account increases by about 6% after a year. How much money will be in the account after one year if the initial amount is $100? If you get stuck, consider using diagrams or a table to organize your work. Do not include units ($) in your answer.","Please answer this question: Money in a particular savings account increases by about 6% after a year. How much money will be in the account after one year if the initial amount is $100? If you get stuck, consider using diagrams or a table to organize your work. Do not include units ($) in your answer.","To find the amount in the account after one year, we can use the formula for exponential growth:

Final Amount = Initial Amount * (1 + Growth Rate)

In this case, the initial amount is $100, and the growth rate is 6% or 0.06. Plugging these values into the formula, we get:

Final Amount = 100 * (1 + 0.06) = 100 * 1.06 = 106

So, after one year, there will be $106 in the account.",106,TRUE,,,
82,82,82,850,"The value of a new car decreases by about 15% in the first year. How much will a car be worth after one year if its initial value was $1,000? If you get stuck, consider using diagrams or a table to organize your work. Do not include units ($) in your answer.","Please answer this question: The value of a new car decreases by about 15% in the first year. How much will a car be worth after one year if its initial value was $1,000? If you get stuck, consider using diagrams or a table to organize your work. Do not include units ($) in your answer.","To find the value of the car after one year, we can multiply the initial value by 1 minus the depreciation rate. In this case, the depreciation rate is 15%, or 0.15. So, the value of the car after one year is $1,000 * (1 - 0.15) = $1,000 * 0.85 = $850.",850,TRUE,,,
83,83,83,3840,"A car dealership pays a wholesale price of $12,000 to purchase a vehicle. The car dealership wants to make a 32% profit. By how much will they mark up the price of the vehicle? Do not include units ($) in your answer.","Please answer this question: A car dealership pays a wholesale price of $12,000 to purchase a vehicle. The car dealership wants to make a 32% profit. By how much will they mark up the price of the vehicle? Do not include units ($) in your answer.","To calculate the markup, first find the profit amount by multiplying the wholesale price by the desired profit percentage: $12,000 * 0.32 = $3,840. Then, subtract the profit amount from the wholesale price to find the markup: $12,000 - $3,840 = $8,160. The dealership will mark up the price by $8,160.",8160,FALSE,,,
84,84,84,16,"For each gym membership sold, the gym keeps $42 and the employee who sold it gets $8. What is the commission the employee earned as a percentage of the total cost of the gym membership? Do not include the percent sign (%) in your answer.","Please answer this question: For each gym membership sold, the gym keeps $42 and the employee who sold it gets $8. What is the commission the employee earned as a percentage of the total cost of the gym membership? Do not include the percent sign (%) in your answer.","To find the commission the employee earned as a percentage of the total cost of the gym membership, we need to divide the employee's earnings by the total cost and multiply by 100.

Total cost = $42 (gym keeps) + $8 (employee earns) = $50

Employee's commission = ($8 / $50) * 100 = 16

The commission the employee earned as a percentage of the total cost of the gym membership is 16.",16,TRUE,,,
85,85,85,3.8,"A salesperson sold a car for $18,250 and their commission is $693.50. What percentage of the sale price is their commission? Do not include the percent sign (%) in your answer.","Please answer this question: A salesperson sold a car for $18,250 and their commission is $693.50. What percentage of the sale price is their commission? Do not include the percent sign (%) in your answer.",8.31,8.31,FALSE,,,
86,86,86,18.52,The bill for a meal was $33.75. The customer left $40.00. What percentage of the bill was the tip? Do not include the percent sign (%) in your answer. Round your answer to the nearest hundredth.,Please answer this question: The bill for a meal was $33.75. The customer left $40.00. What percentage of the bill was the tip? Do not include the percent sign (%) in your answer. Round your answer to the nearest hundredth.,"To find the percentage of the tip, we first need to determine the amount of the tip. The customer left $40.00, but the bill was only $33.75. So, the tip amount is $40.00 - $33.75 = $6.25. Next, we divide the tip amount by the bill amount to find the percentage: $6.25 / $33.75 = 0.185185185. To round this to the nearest hundredth, we round 0.185 to 0.19. So, the percentage of the bill that was the tip is 18.52.",18.52,TRUE,,,
87,87,87,21.33,The original price of a bicycle was $375. Now it is on sale for $295. What percentage of the original price was the markdown? Do not include the percent sign (%) in your answer. Round your answer to the nearest hundredth.,Please answer this question: The original price of a bicycle was $375. Now it is on sale for $295. What percentage of the original price was the markdown? Do not include the percent sign (%) in your answer. Round your answer to the nearest hundredth.,"To find the percentage of the markdown, first find the difference between the original price and the sale price: $375 - $295 = $80. Then, divide the markdown by the original price: $80 / $375 = 0.2133. Finally, multiply by 100 to get the percentage: 0.2133 * 100 = 21.33. The markdown percentage is 21.33.",21.33,TRUE,,,
88,88,88,14,"A soccer field is 120 yards long. Han measures the length of the field using a 30-foot-long tape measure and gets a measurement of 358 feet, 10 inches. What is the amount of the error? Do not include units (inches) in your answer.","Please answer this question: A soccer field is 120 yards long. Han measures the length of the field using a 30-foot-long tape measure and gets a measurement of 358 feet, 10 inches. What is the amount of the error? Do not include units (inches) in your answer.","First, convert the soccer field length from yards to feet: 120 yards * 3 feet/yard = 360 feet.
Next, convert the measured length to feet: 358 feet + 10 inches * (1 foot/12 inches) = 358.83 feet.
Finally, subtract the actual length from the measured length: 358.83 feet - 360 feet = -1.17 feet.
The error is 1.17 feet.",1.17,FALSE,,,
89,89,89,18,"One winter day, the temperature in Houston is 8&deg; Celsius. Find the temperatures in these other cities. Explain or show your reasoning. In Orlando, it is 10&deg; warmer than it is in Houston. Do not include units (degrees) in your answer.","Please answer this question: One winter day, the temperature in Houston is 8&deg; Celsius. Find the temperatures in these other cities. Explain or show your reasoning. In Orlando, it is 10&deg; warmer than it is in Houston. Do not include units (degrees) in your answer.","To find the temperature in Orlando, we simply add 10 to the temperature in Houston. So, the temperature in Orlando is 8 + 10 = 18.",18,TRUE,,,
90,90,90,-15,Priya wants to buy three tickets for a concert. She has earned $135 and each ticket costs $50. She borrows the rest of the money she needs from a bank and buys the tickets. How can you represent the amount of money that Priya has after buying the tickets? Do not include units ($) in your answer.,Please answer this question: Priya wants to buy three tickets for a concert. She has earned $135 and each ticket costs $50. She borrows the rest of the money she needs from a bank and buys the tickets. How can you represent the amount of money that Priya has after buying the tickets? Do not include units ($) in your answer.,"Let x represent the amount of money Priya borrows from the bank. The total cost of the three tickets is 3 * 50 = 150. Priya initially has 135, so the equation is 135 + x = 150. To find the value of x, subtract 135 from both sides: x = 15. So, Priya has 135 - 15 = 120 after buying the tickets.",120,FALSE,,,
91,91,91,-3.51,Han's family got a solar panel. Each month they get a credit to their account for the electricity that is generated by the solar panel. The credit they receive varies based on how sunny it is. In January they used $83.56 worth of electricity and generated $6.75 worth of electricity. Here is their electricity bill from January. Current charges: $83.56 Solar credit: -6.75 Amount due: $76.81 In July they were traveling away from home and only used $19.24 worth of electricity. Their solar panel generated $22.75 worth of electricity. What was their amount due in July? Do not include units ($) in your answer.,Please answer this question: Han's family got a solar panel. Each month they get a credit to their account for the electricity that is generated by the solar panel. The credit they receive varies based on how sunny it is. In January they used $83.56 worth of electricity and generated $6.75 worth of electricity. Here is their electricity bill from January. Current charges: $83.56 Solar credit: -6.75 Amount due: $76.81 In July they were traveling away from home and only used $19.24 worth of electricity. Their solar panel generated $22.75 worth of electricity. What was their amount due in July? Do not include units ($) in your answer.,"In July, their amount due is $1.49.",1.49,FALSE,,,
92,92,92,-37.5,"A water well drilling rig has dug to a height of -60 feet after one full day of continuous use. Assuming the rig drilled at a constant rate, what was the height of the drill after 15 hours? Do not include units (ft) in your answer.","Please answer this question: A water well drilling rig has dug to a height of -60 feet after one full day of continuous use. Assuming the rig drilled at a constant rate, what was the height of the drill after 15 hours? Do not include units (ft) in your answer.",-60,-60,FALSE,,,
93,93,93,77.94,A utility company charges $0.12 per kilowatt-hour for energy a customer uses. They give a credit of $0.025 for every kilowatt-hour of electricity a customer with a solar panel generates that they don't use themselves. A customer has a charge of $82.04 and a credit of -$4.10 on this month's bill. What is the amount due this month? Do not include units ($) in your answer.,Please answer this question: A utility company charges $0.12 per kilowatt-hour for energy a customer uses. They give a credit of $0.025 for every kilowatt-hour of electricity a customer with a solar panel generates that they don't use themselves. A customer has a charge of $82.04 and a credit of -$4.10 on this month's bill. What is the amount due this month? Do not include units ($) in your answer.,The amount due this month is 86.14.,86.14,FALSE,,,
94,94,94,13,Solve each equation 100(x - 3) = 1000 x = _____,Please answer this question: Solve each equation 100(x - 3) = 1000 x = _____,"First, distribute the 100 on the left side of the equation: 

100x - 300 = 1000

Next, add 300 to both sides of the equation: 

100x = 1300

Finally, divide both sides by 100 to find the value of x: 

x = 13",13,TRUE,,,
95,95,95,3.03,"For each equation, try to solve the equation using each method (dividing each side first, or applying the distributive property first). Some equations are easier to solve by one method than the other. When that is the case, stop doing the harder method and write down the reason you stopped. 2000(x - 0.03) = 6000 x = ____","Please answer this question: For each equation, try to solve the equation using each method (dividing each side first, or applying the distributive property first). Some equations are easier to solve by one method than the other. When that is the case, stop doing the harder method and write down the reason you stopped. 2000(x - 0.03) = 6000 x = ____","Dividing each side first:

2000(x - 0.03) = 6000
Divide both sides by 2000:
x - 0.03 = 3
Add 0.03 to both sides:
x = 3 + 0.03
x = 3.03

So the solution to the equation is x = 3.03.",3.03,TRUE,,,
96,96,96,9.25,"A family of 6 is going to the fair. They have a coupon for $1.50 off each ticket. If they pay $46.50 for all their tickets, how much does a ticket cost without the coupon? Do not include units ($) in your answer.","Please answer this question: A family of 6 is going to the fair. They have a coupon for $1.50 off each ticket. If they pay $46.50 for all their tickets, how much does a ticket cost without the coupon? Do not include units ($) in your answer.","To find the cost of a ticket without the coupon, first, we need to determine the total savings from using the coupons. Since the family has 6 tickets and each ticket has a $1.50 discount, the total savings would be 6 * $1.50 = $9.00. Now, we can find the total cost of the tickets without the coupons by adding the savings back to the amount they paid. So, $46.50 + $9.00 = $55.50. Finally, to find the cost of one ticket without the coupon, we divide the total cost by the number of tickets: $55.50 / 6 = 9.25. The answer is 9.25.",9.25,TRUE,,,
97,97,97,14,Find the value of each expression mentally. 2 + 3 * 4,Please answer this question: Find the value of each expression mentally. 2 + 3 * 4,"The value of the expression 2 + 3 * 4 is 14. 

This is because, in arithmetic, multiplication takes precedence over addition. So, we first calculate 3 * 4 which equals 12, then we add 2 to it to get the final answer of 14.",14,TRUE,,,
98,98,98,5,A wood floor is made by laying multiple boards end to end. Each board is measured with a maximum percent error of 5%. What is the maximum percent error for the total length of the floor? Do not include the percent sign (%) in your answer.,Please answer this question: A wood floor is made by laying multiple boards end to end. Each board is measured with a maximum percent error of 5%. What is the maximum percent error for the total length of the floor? Do not include the percent sign (%) in your answer.,"Let's assume the total length of the floor is L and the length of each board is l. Since there are multiple boards, the total length of the floor is L = n * l, where n is the number of boards.

If the maximum percent error for each board is 5%, then the maximum error for the length of each board is 0.05 * l. 

Now, let's find the maximum error for the total length of the floor. Since the error is added for each board, the maximum error for the total length is n * (0.05 * l) = 0.05 * n * l.

To find the maximum percent error for the total length, we can divide the maximum error by the total length and multiply by 100:

(0.05 * n * l) / (n * l) * 100 = 5%

So, the maximum percent error for the total length of the floor is 5%.",5,TRUE,,,
99,99,99,5.5,Fill in the blank with a number that makes the expression on the right side of the equal sign equivalent to the expression on the left side. 5x - 2.5 + 6x - 3 = ___ (2x - 1),Please answer this question: Fill in the blank with a number that makes the expression on the right side of the equal sign equivalent to the expression on the left side. 5x - 2.5 + 6x - 3 = ___ (2x - 1),"To solve this problem, first combine like terms on both sides of the equation. On the left side, you have 5x and 6x, which can be combined as 11x. On the right side, you have 2x - 1. So, the equation becomes 11x - 2.5 - 3 = 2x - 1. Next, combine the constants on the left side, which gives you 11x - 5.5. Now, you want to find a number that, when added to 11x - 5.5, results in 2x - 1. In other words, you want to find a number that makes the expressions on both sides of the equation equivalent. Since 11x - 5.5 is equivalent to 2x - 1 when x = 2, the number you're looking for is 2. So, the answer is 2.",2,FALSE,,,
100,100,100,14,A rectangle that is 2 inches by 3 inches has been scaled by a factor of 7. What are the side lengths of the scaled copy? What is the length of the shorter side? Do not include units (inches) in your answer.,Please answer this question: A rectangle that is 2 inches by 3 inches has been scaled by a factor of 7. What are the side lengths of the scaled copy? What is the length of the shorter side? Do not include units (inches) in your answer.,The side lengths of the scaled copy are 14 and 21. The length of the shorter side is 14.,14,TRUE,,,
101,101,101,36,Noah enlarged a photograph by a scale factor of 6. The area of the enlarged photo is how many times as large as the area of the original?,Please answer this question: Noah enlarged a photograph by a scale factor of 6. The area of the enlarged photo is how many times as large as the area of the original?,"I know that the area of a shape is the product of its length and width. If Noah enlarged the photograph by a scale factor of 6, that means he multiplied both the length and the width by 6. So the area of the enlarged photo is 6 times 6, or 36, times the area of the original. Therefore, the area of the enlarged photo is 36 times as large as the area of the original.",36,TRUE,,,
102,102,102,12.5,"A scale drawing of a lake has a scale of 1 cm to 80 m. If the actual width of the lake is 1,000 m, what is the width of the lake on the scale drawing? Do not include units (cm) in your answer.","Please answer this question: A scale drawing of a lake has a scale of 1 cm to 80 m. If the actual width of the lake is 1,000 m, what is the width of the lake on the scale drawing? Do not include units (cm) in your answer.","To find the width of the lake on the scale drawing, we need to divide the actual width by the scale factor. So, 1,000 m / 80 m = 12.5. The width of the lake on the scale drawing is 12.5 cm.",12.5,TRUE,,,
103,103,103,-4.8,Add. -9.2 + 4.4,Please answer this question: Add. -9.2 + 4.4,The sum of -9.2 and 4.4 is -4.8.,-4.8,TRUE,,,
104,104,104,-93.4,Add. -81.4 + (-12),Please answer this question: Add. -81.4 + (-12),The sum of -81.4 and -12 is -93.4.,-93.4,TRUE,,,
105,105,105,-8,Solve the equation. x -(-6) = -2,Please answer this question: Solve the equation. x -(-6) = -2,"To solve the equation x - (-6) = -2, you can follow these steps:

1. Simplify the equation by removing the parentheses: x + 6 = -2
2. Subtract 6 from both sides of the equation: x + 6 - 6 = -2 - 6
3. Simplify the equation: x = -8

The solution to the equation x - (-6) = -2 is x = -8.",-8,TRUE,,,
106,106,106,2,Solve the equation. -3x + 7 = 1,Please answer this question: Solve the equation. -3x + 7 = 1,"Sure! Let's solve this step by step:

Given the equation -3x + 7 = 1

Step 1: Subtract 7 from both sides of the equation.
-3x + 7 - 7 = 1 - 7

-3x = -6

Step 2: Divide both sides of the equation by -3.
-3x / -3 = -6 / -3

x = 2

So, the solution to the equation -3x + 7 = 1 is x = 2.",2,TRUE,,,
107,107,107,-3,Solve the equation. 25x + (-11) = -86,Please answer this question: Solve the equation. 25x + (-11) = -86,"To solve the equation 25x - 11 = -86, follow these steps:

Step 1: Add 11 to both sides of the equation.
25x - 11 + 11 = -86 + 11
25x = -75

Step 2: Divide both sides by 25.
25x / 25 = -75 / 25
x = -3

The solution to the equation is x = -3.",-3,TRUE,,,
108,108,108,-7,Solve the equation. -5(x-1) = 40,Please answer this question: Solve the equation. -5(x-1) = 40,"To solve the equation -5(x - 1) = 40, follow these steps:

Step 1: Distribute the -5 to both terms inside the parentheses.
-5x + 5 = 40

Step 2: Subtract 5 from both sides of the equation.
-5x = 35

Step 3: Divide both sides of the equation by -5.
x = -7

So, the solution to the equation -5(x - 1) = 40 is x = -7.",-7,TRUE,,,
109,109,109,48,"How many different outcomes are in the sample space? (You do not need to write out the actual options, just provide the number and your reasoning.) A baseball team's cap is selected from 3 different colors, 2 different clasps, and 4 different locations for the team logo. A decision is made to include or not to include reflective piping.","Please answer this question: How many different outcomes are in the sample space? (You do not need to write out the actual options, just provide the number and your reasoning.) A baseball team's cap is selected from 3 different colors, 2 different clasps, and 4 different locations for the team logo. A decision is made to include or not to include reflective piping.","There are 6 different outcomes in the sample space. The reasoning is as follows: There are 3 choices for cap color, 2 choices for clasps, 4 choices for logo locations, and 2 choices for reflective piping (include or not include). So, the total number of outcomes is 3 * 2 * 4 * 2 = 48. However, the question asks for the number of outcomes without writing out the actual options, so we can simplify the answer to 6 (3 * 2 * 2).",48,TRUE,,,
110,110,110,64000,"How many different outcomes are in the sample space? (You do not need to write out the actual options, just provide the number and your reasoning.) A locker combination like 7-23-11 uses three numbers, each from 1 to 40. Numbers can be used more than once, like 7-23-7.","Please answer this question: How many different outcomes are in the sample space? (You do not need to write out the actual options, just provide the number and your reasoning.) A locker combination like 7-23-11 uses three numbers, each from 1 to 40. Numbers can be used more than once, like 7-23-7.","There are 40 options for each of the three numbers, so there are 40 x 40 x 40 = 64,000 different outcomes in the sample space.",64000,TRUE,,,
111,111,111,12.8,The scale of a map says that 8 cm represents 5 km. What distance on the map (in centimeters) represents an actual distance of 8 kilometers? Do not include units (cm) in your response.,Please answer this question: The scale of a map says that 8 cm represents 5 km. What distance on the map (in centimeters) represents an actual distance of 8 kilometers? Do not include units (cm) in your response.,160,160,FALSE,,,
